CaseMasterID,CrimeNo,CaseNo,CrimeRegisteredDate,PoliceStationID,DistrictID,GravityOffenceID,CrimeMajorHeadID,CrimeMinorHeadID,CaseStatusID,IncidentFromDate,IncidentToDate,latitude,longitude,BriefFacts,hour,day_of_week,district_crime_share,hour_deviation,anomaly_score,anomaly_raw_score
923,100010002202516181,202516181,2025-10-05,2,1,1,2,6,2,2025-10-05 00:13:05,2025-10-05 00:13:05,12.888779,77.658968,Chain Snatching reported near Bengaluru PS-2 jurisdiction.,0,6,0.5077730275942479,3.9090285103813174,-1,-0.06973558786255518
7491,100010001202514586,202514586,2025-09-21,1,1,1,2,6,4,2025-09-21 00:31:39,2025-09-21 00:31:39,12.840293,77.521168,Chain Snatching reported near Bengaluru PS-1 jurisdiction.,0,6,0.5077730275942479,3.9090285103813174,-1,-0.06973558786255518
15186,100010001202410955,202410955,2024-07-29,1,1,1,2,6,2,2024-07-29 00:52:37,2024-07-29 00:52:37,12.8349,77.529762,Chain Snatching reported near Bengaluru PS-1 jurisdiction.,0,0,0.5077730275942479,3.9090285103813174,-1,-0.06497787913996378
15871,100010001202417595,202417595,2024-09-13,1,1,2,2,6,1,2024-09-13 00:20:31,2024-09-13 00:20:31,12.845898,77.517792,Chain Snatching reported near Bengaluru PS-1 jurisdiction.,0,4,0.5077730275942479,3.9090285103813174,-1,-0.06167742655670849
10146,100070030202410918,202410918,2024-03-17,30,7,2,6,13,2,2024-03-17 00:12:59,2024-03-17 00:12:59,15.178857,77.008763,Rioting reported near Ballari PS-1 jurisdiction.,0,6,0.6356011183597391,3.0627048912593815,-1,-0.0616255281644863
12576,100050020202413781,202413781,2024-01-28,20,5,2,2,6,2,2024-01-28 00:14:16,2024-01-28 00:14:16,15.295081,75.06835,Chain Snatching reported near Hubballi-Dharwad PS-2 jurisdiction.,0,6,0.07363420427553444,3.9090285103813174,-1,-0.06133905303472653
3414,100010004202613892,202613892,2026-03-01,4,1,1,2,6,2,2026-03-01 01:59:51,2026-03-01 01:59:51,12.827973,77.566964,Chain Snatching reported near Bengaluru PS-4 jurisdiction.,1,6,0.5077730275942479,3.701611742360312,-1,-0.0603621488871251
9901,100070031202416595,202416595,2024-08-25,31,7,2,2,6,2,2024-08-25 00:24:16,2024-08-25 00:24:16,15.219069,76.850644,Chain Snatching reported near Ballari PS-2 jurisdiction.,0,6,0.027958993476234855,3.9090285103813174,-1,-0.0596848014889394
2053,100060026202410485,202410485,2024-03-03,26,6,2,2,6,1,2024-03-03 00:40:45,2024-03-03 00:40:45,17.220805,76.876571,Chain Snatching reported near Kalaburagi PS-3 jurisdiction.,0,6,0.027589134125636672,3.9090285103813174,-1,-0.05945276958732082
5771,100060028202611840,202611840,2026-05-11,28,6,2,5,11,2,2026-05-11 01:04:03,2026-05-11 01:04:03,17.305852,76.761619,Drug Peddling reported near Kalaburagi PS-5 jurisdiction.,1,0,0.6897283531409168,2.939715951296488,-1,-0.057881592922903735
1369,100030012202510612,202510612,2025-09-01,12,3,2,2,6,1,2025-09-01 00:56:50,2025-09-01 00:56:50,13.034142,74.797557,Chain Snatching reported near Mangaluru PS-4 jurisdiction.,0,0,0.03384476534296029,3.9090285103813174,-1,-0.05772383073765941
11917,100010004202512806,202512806,2025-07-13,4,1,1,2,6,2,2025-07-13 02:49:49,2025-07-13 02:49:49,12.840313,77.565437,Chain Snatching reported near Bengaluru PS-4 jurisdiction.,2,6,0.5077730275942479,3.494194974339307,-1,-0.05711763402695069
9855,100080036202517106,202517106,2025-10-06,36,8,2,2,6,1,2025-10-06 00:58:51,2025-10-06 00:58:51,13.470758,77.179328,Chain Snatching reported near Tumakuru PS-2 jurisdiction.,0,0,0.08445532435740515,3.9090285103813174,-1,-0.056599687701049506
12489,100010004202513803,202513803,2025-10-27,4,1,2,2,6,3,2025-10-27 03:23:32,2025-10-27 03:23:32,12.849321,77.564279,Chain Snatching reported near Bengaluru PS-4 jurisdiction.,3,0,0.5077730275942479,3.2867782063183015,-1,-0.05450496748471456
14320,100010003202416304,202416304,2024-02-15,3,1,2,2,6,3,2024-02-15 01:02:43,2024-02-15 01:02:43,13.019944,77.694963,Chain Snatching reported near Bengaluru PS-3 jurisdiction.,1,3,0.5077730275942479,3.701611742360312,-1,-0.05238270344842855
9749,100020008202415588,202415588,2024-04-21,8,2,1,3,8,3,2024-04-21 00:18:09,2024-04-21 00:18:09,12.261122,76.63496,Dowry Harassment reported near Mysuru PS-4 jurisdiction.,0,6,0.6258309591642925,3.0357754588370374,-1,-0.052328953179746174
17321,100040018202514615,202514615,2025-11-16,18,4,2,4,9,4,2025-11-16 00:44:27,2025-11-16 00:44:27,15.872034,74.598662,Online Financial Fraud reported near Belagavi PS-4 jurisdiction.,0,6,0.0707196029776675,3.290651457409326,-1,-0.050034101506616135
4773,100030011202414955,202414955,2024-11-25,11,3,2,2,6,2,2024-11-25 01:21:34,2024-11-25 01:21:34,12.857146,74.733956,Chain Snatching reported near Mangaluru PS-3 jurisdiction.,1,0,0.03384476534296029,3.701611742360312,-1,-0.04967231891057022
11549,100090041202612765,202612765,2026-03-14,41,9,2,2,6,3,2026-03-14 00:09:14,2026-03-14 00:09:14,13.950382,75.456976,Chain Snatching reported near Shivamogga PS-1 jurisdiction.,0,5,0.07160194174757281,3.9090285103813174,-1,-0.049498114150153816
866,100090045202614270,202614270,2026-05-02,45,9,2,2,6,4,2026-05-02 00:10:59,2026-05-02 00:10:59,13.910546,75.70968,Chain Snatching reported near Shivamogga PS-5 jurisdiction.,0,5,0.07160194174757281,3.9090285103813174,-1,-0.049498114150153816
2524,100010004202417971,202417971,2024-01-22,4,1,2,2,6,2,2024-01-22 04:52:51,2024-01-22 04:52:51,12.833198,77.564761,Chain Snatching reported near Bengaluru PS-4 jurisdiction.,4,0,0.5077730275942479,3.0793614382972967,-1,-0.04910565825944846
4626,100080036202515958,202515958,2025-02-17,36,8,2,2,6,4,2025-02-17 01:40:09,2025-02-17 01:40:09,13.464085,77.170571,Chain Snatching reported near Tumakuru PS-2 jurisdiction.,1,0,0.08445532435740515,3.701611742360312,-1,-0.04866745665082306
6277,100080040202416591,202416591,2024-12-23,40,8,2,2,6,3,2024-12-23 01:13:43,2024-12-23 01:13:43,13.368632,77.066918,Chain Snatching reported near Tumakuru PS-6 jurisdiction.,1,0,0.08445532435740515,3.701611742360312,-1,-0.04866745665082306
6220,100040018202417194,202417194,2024-06-18,18,4,2,2,6,4,2024-06-18 00:40:05,2024-06-18 00:40:05,15.88738,74.621251,Chain Snatching reported near Belagavi PS-4 jurisdiction.,0,1,0.05955334987593052,3.9090285103813174,-1,-0.0479219462386592
11589,100030010202413952,202413952,2024-04-06,10,3,2,2,6,2,2024-04-06 00:04:41,2024-04-06 00:04:41,13.012492,74.931186,Chain Snatching reported near Mangaluru PS-2 jurisdiction.,0,5,0.03384476534296029,3.9090285103813174,-1,-0.04743594555042474
12339,100050022202512712,202512712,2025-06-15,22,5,2,5,11,2,2025-06-15 00:16:00,2025-06-15 00:16:00,15.261775,75.059071,Drug Peddling reported near Hubballi-Dharwad PS-4 jurisdiction.,0,6,0.08194774346793349,3.1064271825815433,-1,-0.04709994350567592
3791,100060027202512373,202512373,2025-11-25,27,6,1,5,11,4,2025-11-25 00:37:22,2025-11-25 00:37:22,17.319981,76.746794,Drug Peddling reported near Kalaburagi PS-4 jurisdiction.,0,1,0.6897283531409168,3.1064271825815433,-1,-0.04675105076094144
8077,100080039202516920,202516920,2025-05-14,39,8,2,2,6,1,2025-05-14 00:33:11,2025-05-14 00:33:11,13.417239,77.077844,Chain Snatching reported near Tumakuru PS-5 jurisdiction.,0,2,0.08445532435740515,3.9090285103813174,-1,-0.04650449798949885
13288,100040018202416147,202416147,2024-10-21,18,4,2,2,6,1,2024-10-21 01:56:58,2024-10-21 01:56:58,15.89565,74.620113,Chain Snatching reported near Belagavi PS-4 jurisdiction.,1,0,0.05955334987593052,3.701611742360312,-1,-0.046025293430089875
12662,100060028202612858,202612858,2026-04-13,28,6,2,2,6,1,2026-04-13 01:57:50,2026-04-13 01:57:50,17.301665,76.784721,Chain Snatching reported near Kalaburagi PS-5 jurisdiction.,1,0,0.027589134125636672,3.701611742360312,-1,-0.04591965942860843
11296,100100048202413366,202413366,2024-01-07,48,10,2,2,5,1,2024-01-07 23:42:22,2024-01-07 23:42:22,14.508322,75.918869,Vehicle Theft reported near Davanagere PS-3 jurisdiction.,23,6,0.06612685560053981,3.123993792452915,-1,-0.04568540635892482
5774,100020006202414599,202414599,2024-01-01,6,2,1,3,8,4,2024-01-01 01:25:09,2024-01-01 01:25:09,12.309619,76.645863,Dowry Harassment reported near Mysuru PS-2 jurisdiction.,1,0,0.6258309591642925,2.863693058508874,-1,-0.04526613804528623
13066,100060025202515979,202515979,2025-06-01,25,6,2,5,11,3,2025-06-01 02:37:37,2025-06-01 02:37:37,17.388531,76.89731,Drug Peddling reported near Kalaburagi PS-2 jurisdiction.,2,6,0.6897283531409168,2.773004720011433,-1,-0.04502159343554091
16811,100010001202517433,202517433,2025-11-28,1,1,1,2,6,1,2025-11-28 02:53:00,2025-11-28 02:53:00,12.831981,77.518981,Chain Snatching reported near Bengaluru PS-1 jurisdiction.,2,4,0.5077730275942479,3.494194974339307,-1,-0.04473197374781346
7038,100020008202417459,202417459,2024-04-07,8,2,2,2,5,2,2024-04-07 23:58:56,2024-04-07 23:58:56,12.279838,76.640096,Vehicle Theft reported near Mysuru PS-4 jurisdiction.,23,6,0.02849002849002849,3.123993792452915,-1,-0.04436848708195229
17980,100080039202510052,202510052,2025-12-11,39,8,2,2,6,1,2025-12-11 00:30:56,2025-12-11 00:30:56,13.412172,77.094275,Chain Snatching reported near Tumakuru PS-5 jurisdiction.,0,3,0.08445532435740515,3.9090285103813174,-1,-0.04410940827660226
11060,100010003202610253,202610253,2026-03-28,3,1,1,2,6,3,2026-03-28 02:01:44,2026-03-28 02:01:44,13.025161,77.730027,Chain Snatching reported near Bengaluru PS-3 jurisdiction.,2,5,0.5077730275942479,3.494194974339307,-1,-0.04395982936610332
6893,100040015202415508,202415508,2024-09-25,15,4,2,2,6,4,2024-09-25 00:45:53,2024-09-25 00:45:53,15.908956,74.519144,Chain Snatching reported near Belagavi PS-1 jurisdiction.,0,2,0.05955334987593052,3.9090285103813174,-1,-0.043659012628214255
14056,100030014202517360,202517360,2025-12-07,14,3,1,2,6,3,2025-12-07 00:58:10,2025-12-07 00:58:10,13.005718,74.888639,Chain Snatching reported near Mangaluru PS-6 jurisdiction.,0,6,0.03384476534296029,3.9090285103813174,-1,-0.04341371128543192
1818,100010001202615908,202615908,2026-06-26,1,1,2,2,6,3,2026-06-26 02:49:04,2026-06-26 02:49:04,12.841887,77.539207,Chain Snatching reported near Bengaluru PS-1 jurisdiction.,2,4,0.5077730275942479,3.494194974339307,-1,-0.04327889735892099
1164,100090041202415068,202415068,2024-12-29,41,9,1,2,6,2,2024-12-29 00:37:52,2024-12-29 00:37:52,13.920981,75.435478,Chain Snatching reported near Shivamogga PS-1 jurisdiction.,0,6,0.07160194174757281,3.9090285103813174,-1,-0.04308367019249426
2114,100060029202415235,202415235,2024-08-01,29,6,2,5,11,3,2024-08-01 00:31:26,2024-08-01 00:31:26,17.455739,76.875094,Drug Peddling reported near Kalaburagi PS-6 jurisdiction.,0,3,0.6897283531409168,3.1064271825815433,-1,-0.04233936874280575
13728,100070034202516615,202516615,2025-09-12,34,7,2,2,6,1,2025-09-12 00:12:45,2025-09-12 00:12:45,15.260466,77.03068,Chain Snatching reported near Ballari PS-5 jurisdiction.,0,4,0.027958993476234855,3.9090285103813174,-1,-0.0420072596219756
17006,100100046202417859,202417859,2024-02-08,46,10,2,2,6,1,2024-02-08 00:45:30,2024-02-08 00:45:30,14.586985,76.032004,Chain Snatching reported near Davanagere PS-1 jurisdiction.,0,3,0.07827260458839407,3.9090285103813174,-1,-0.04200535033407016
5528,100040018202515521,202515521,2025-07-13,18,4,1,2,6,2,2025-07-13 00:51:46,2025-07-13 00:51:46,15.872949,74.621737,Chain Snatching reported near Belagavi PS-4 jurisdiction.,0,6,0.05955334987593052,3.9090285103813174,-1,-0.04142365399513648
10252,100040018202511732,202511732,2025-04-14,18,4,2,4,9,1,2025-04-14 00:45:37,2025-04-14 00:45:37,15.887287,74.590183,Online Financial Fraud reported near Belagavi PS-4 jurisdiction.,0,0,0.0707196029776675,3.290651457409326,-1,-0.04106736003462108
8552,100070034202612228,202612228,2026-02-20,34,7,2,6,13,3,2026-02-20 00:56:42,2026-02-20 00:56:42,15.280118,77.048224,Rioting reported near Ballari PS-5 jurisdiction.,0,4,0.6356011183597391,3.0627048912593815,-1,-0.04103287001370248
13796,100020006202610583,202610583,2026-04-30,6,2,2,2,6,1,2026-04-30 00:51:52,2026-04-30 00:51:52,12.318774,76.670347,Chain Snatching reported near Mysuru PS-2 jurisdiction.,0,3,0.024691358024691357,3.9090285103813174,-1,-0.04042076897429259
16324,100040016202510825,202510825,2025-11-16,16,4,2,6,13,2,2025-11-16 00:30:28,2025-11-16 00:30:28,15.991555,74.44647,Rioting reported near Belagavi PS-2 jurisdiction.,0,6,0.07568238213399504,3.0627048912593815,-1,-0.04036625340824973
7708,100020005202510068,202510068,2025-06-08,5,2,2,2,6,2,2025-06-08 03:19:51,2025-06-08 03:19:51,12.18935,76.545555,Chain Snatching reported near Mysuru PS-1 jurisdiction.,3,6,0.024691358024691357,3.2867782063183015,-1,-0.03970344109861601
7520,100020006202414483,202414483,2024-08-04,6,2,2,6,13,2,2024-08-04 00:55:36,2024-08-04 00:55:36,12.33559,76.668366,Rioting reported near Mysuru PS-2 jurisdiction.,0,6,0.03133903133903134,3.0627048912593815,-1,-0.03956352928601303
6644,100010004202515726,202515726,2025-10-25,4,1,2,4,9,2,2025-10-25 01:04:27,2025-10-25 01:04:27,12.842472,77.576737,Online Financial Fraud reported near Bengaluru PS-4 jurisdiction.,1,5,0.3628060629615235,3.039708021379458,-1,-0.03902039617230779
1488,100010002202416030,202416030,2024-04-16,2,1,2,5,11,4,2024-04-16 00:28:56,2024-04-16 00:28:56,12.870594,77.662778,Drug Peddling reported near Bengaluru PS-2 jurisdiction.,0,1,0.011853867081228138,3.1064271825815433,-1,-0.038988509127902526
16685,100090043202412739,202412739,2024-11-21,43,9,2,2,6,2,2024-11-21 00:38:43,2024-11-21 00:38:43,13.948932,75.638609,Chain Snatching reported near Shivamogga PS-3 jurisdiction.,0,3,0.07160194174757281,3.9090285103813174,-1,-0.03880090341347364
4623,100080040202417524,202417524,2024-10-28,40,8,2,2,6,1,2024-10-28 02:39:48,2024-10-28 02:39:48,13.378015,77.080569,Chain Snatching reported near Tumakuru PS-6 jurisdiction.,2,0,0.08445532435740515,3.494194974339307,-1,-0.038259690493548715
10141,100020008202513954,202513954,2025-02-16,8,2,1,3,8,3,2025-02-16 01:09:58,2025-02-16 01:09:58,12.271573,76.608625,Dowry Harassment reported near Mysuru PS-4 jurisdiction.,1,6,0.6258309591642925,2.863693058508874,-1,-0.03820962136693984
2258,100010004202415655,202415655,2024-01-14,4,1,1,6,13,1,2024-01-14 00:17:25,2024-01-14 00:17:25,12.864396,77.562935,Rioting reported near Bengaluru PS-4 jurisdiction.,0,6,0.010687912942090944,3.0627048912593815,-1,-0.03818284514759507
7132,100030014202609934,202609934,2026-01-31,14,3,2,2,6,4,2026-01-31 01:30:37,2026-01-31 01:30:37,13.014974,74.872404,Chain Snatching reported near Mangaluru PS-6 jurisdiction.,1,5,0.03384476534296029,3.701611742360312,-1,-0.03788397253367215
3789,100070034202515170,202515170,2025-03-29,34,7,2,6,13,3,2025-03-29 01:06:13,2025-03-29 01:06:13,15.280086,77.040687,Rioting reported near Ballari PS-5 jurisdiction.,1,5,0.6356011183597391,2.8762049301226886,-1,-0.0375650614844355
911,100010003202410733,202410733,2024-11-22,3,1,1,2,6,2,2024-11-22 03:55:52,2024-11-22 03:55:52,13.024064,77.712404,Chain Snatching reported near Bengaluru PS-3 jurisdiction.,3,4,0.5077730275942479,3.2867782063183015,-1,-0.03728377391219462
8139,100040015202516913,202516913,2025-03-11,15,4,2,2,6,4,2025-03-11 01:11:34,2025-03-11 01:11:34,15.937971,74.499664,Chain Snatching reported near Belagavi PS-1 jurisdiction.,1,1,0.05955334987593052,3.701611742360312,-1,-0.03687530640703707
5886,100070031202616313,202616313,2026-02-06,31,7,1,6,13,3,2026-02-06 00:59:29,2026-02-06 00:59:29,15.217477,76.855485,Rioting reported near Ballari PS-2 jurisdiction.,0,4,0.6356011183597391,3.0627048912593815,-1,-0.03678683515358161
7770,100070030202613813,202613813,2026-04-03,30,7,1,6,13,1,2026-04-03 00:08:37,2026-04-03 00:08:37,15.189731,77.04362,Rioting reported near Ballari PS-1 jurisdiction.,0,4,0.6356011183597391,3.0627048912593815,-1,-0.03678683515358161
6877,100020007202614563,202614563,2026-01-24,7,2,1,3,8,2,2026-01-24 00:32:17,2026-01-24 00:32:17,12.36841,76.682772,Dowry Harassment reported near Mysuru PS-3 jurisdiction.,0,5,0.6258309591642925,3.0357754588370374,-1,-0.036703017193115084
4153,100040018202517709,202517709,2025-01-13,18,4,2,5,11,1,2025-01-13 00:29:22,2025-01-13 00:29:22,15.90397,74.592009,Drug Peddling reported near Belagavi PS-4 jurisdiction.,0,0,0.060794044665012405,3.1064271825815433,-1,-0.03655920639964361
6711,100040016202611537,202611537,2026-05-16,16,4,2,4,9,2,2026-05-16 00:52:07,2026-05-16 00:52:07,16.000656,74.446764,Online Financial Fraud reported near Belagavi PS-2 jurisdiction.,0,5,0.0707196029776675,3.290651457409326,-1,-0.03640481474338708
1433,100080038202517406,202517406,2025-11-10,38,8,2,5,11,4,2025-11-10 00:53:27,2025-11-10 00:53:27,13.428142,77.131282,Drug Peddling reported near Tumakuru PS-4 jurisdiction.,0,0,0.07466340269277846,3.1064271825815433,-1,-0.03607231687614698
13770,100100047202615447,202615447,2026-05-04,47,10,2,5,11,1,2026-05-04 00:57:05,2026-05-04 00:57:05,14.322266,75.970253,Drug Peddling reported near Davanagere PS-2 jurisdiction.,0,0,0.06747638326585695,3.1064271825815433,-1,-0.03540040825917923
6488,100010003202415252,202415252,2024-12-28,3,1,2,6,13,2,2024-12-28 00:57:18,2024-12-28 00:57:18,13.043911,77.703599,Rioting reported near Bengaluru PS-3 jurisdiction.,0,5,0.010687912942090944,3.0627048912593815,-1,-0.035334945403449725
7825,100100050202414493,202414493,2024-02-09,50,10,2,2,6,2,2024-02-09 01:27:25,2024-02-09 01:27:25,14.343836,75.888182,Chain Snatching reported near Davanagere PS-5 jurisdiction.,1,4,0.07827260458839407,3.701611742360312,-1,-0.035050969847234215
11282,100050022202415727,202415727,2024-03-05,22,5,2,2,6,3,2024-03-05 01:25:36,2024-03-05 01:25:36,15.262524,75.039964,Chain Snatching reported near Hubballi-Dharwad PS-4 jurisdiction.,1,1,0.07363420427553444,3.701611742360312,-1,-0.03499800914743678
10576,100090041202514751,202514751,2025-06-02,41,9,1,2,6,2,2025-06-02 00:40:26,2025-06-02 00:40:26,13.916187,75.437134,Chain Snatching reported near Shivamogga PS-1 jurisdiction.,0,0,0.07160194174757281,3.9090285103813174,-1,-0.03436501929226643
8691,100080039202615118,202615118,2026-01-31,39,8,2,2,6,1,2026-01-31 02:38:53,2026-01-31 02:38:53,13.406407,77.093512,Chain Snatching reported near Tumakuru PS-5 jurisdiction.,2,5,0.08445532435740515,3.494194974339307,-1,-0.03412020338183641
15630,100040016202516960,202516960,2025-08-18,16,4,2,6,13,1,2025-08-18 00:22:36,2025-08-18 00:22:36,16.006602,74.472324,Rioting reported near Belagavi PS-2 jurisdiction.,0,0,0.07568238213399504,3.0627048912593815,-1,-0.03402549548028233
2635,100090044202412769,202412769,2024-09-24,44,9,2,4,9,4,2024-09-24 00:15:42,2024-09-24 00:15:42,13.891409,75.440179,Online Financial Fraud reported near Shivamogga PS-4 jurisdiction.,0,1,0.07766990291262135,3.290651457409326,-1,-0.033480113120580635
4190,100060027202412757,202412757,2024-12-27,27,6,2,2,6,1,2024-12-27 01:08:58,2024-12-27 01:08:58,17.335164,76.746078,Chain Snatching reported near Kalaburagi PS-4 jurisdiction.,1,4,0.027589134125636672,3.701611742360312,-1,-0.033358925115712035
15426,100060028202409971,202409971,2024-09-20,28,6,2,2,6,2,2024-09-20 01:01:36,2024-09-20 01:01:36,17.312662,76.774783,Chain Snatching reported near Kalaburagi PS-5 jurisdiction.,1,4,0.027589134125636672,3.701611742360312,-1,-0.033358925115712035
2554,100090044202411437,202411437,2024-05-27,44,9,1,2,5,1,2024-05-27 23:17:59,2024-05-27 23:17:59,13.892245,75.426864,Vehicle Theft reported near Shivamogga PS-4 jurisdiction.,23,0,0.07645631067961164,3.123993792452915,-1,-0.033041635481680376
10300,100030010202414432,202414432,2024-06-11,10,3,2,4,9,1,2024-06-11 00:19:39,2024-06-11 00:19:39,13.018632,74.905999,Online Financial Fraud reported near Mangaluru PS-2 jurisdiction.,0,1,0.02527075812274368,3.290651457409326,-1,-0.033028390510711714
7531,100040018202616451,202616451,2026-02-02,18,4,1,2,6,2,2026-02-02 00:21:39,2026-02-02 00:21:39,15.884539,74.62067,Chain Snatching reported near Belagavi PS-4 jurisdiction.,0,0,0.05955334987593052,3.9090285103813174,-1,-0.03291906044246484
12876,100040016202612930,202612930,2026-02-08,16,4,2,2,5,2,2026-02-08 22:44:40,2026-02-08 22:44:40,15.98769,74.472089,Vehicle Theft reported near Belagavi PS-2 jurisdiction.,22,6,0.06451612903225806,2.9528482643451315,-1,-0.03249062875498643
22,100050020202416641,202416641,2024-09-14,20,5,2,5,11,1,2024-09-14 00:54:14,2024-09-14 00:54:14,15.284513,75.048393,Drug Peddling reported near Hubballi-Dharwad PS-2 jurisdiction.,0,5,0.08194774346793349,3.1064271825815433,-1,-0.03242448559351552
11435,100040017202412343,202412343,2024-04-23,17,4,2,4,9,2,2024-04-23 00:47:16,2024-04-23 00:47:16,15.848389,74.61155,Online Financial Fraud reported near Belagavi PS-3 jurisdiction.,0,1,0.0707196029776675,3.290651457409326,-1,-0.03165071241235451
12355,100010004202613305,202613305,2026-06-18,4,1,2,2,6,2,2026-06-18 04:49:33,2026-06-18 04:49:33,12.849058,77.560386,Chain Snatching reported near Bengaluru PS-4 jurisdiction.,4,3,0.5077730275942479,3.0793614382972967,-1,-0.031231227241163118
9921,100090041202410486,202410486,2024-11-18,41,9,2,2,5,2,2024-11-18 22:38:48,2024-11-18 22:38:48,13.9286,75.430452,Vehicle Theft reported near Shivamogga PS-1 jurisdiction.,22,0,0.07645631067961164,2.9528482643451315,-1,-0.03099606334162819
10505,100080038202413308,202413308,2024-12-23,38,8,2,2,6,4,2024-12-23 03:02:33,2024-12-23 03:02:33,13.419813,77.118518,Chain Snatching reported near Tumakuru PS-4 jurisdiction.,3,0,0.08445532435740515,3.2867782063183015,-1,-0.03094700941699946
11378,100090042202511862,202511862,2025-11-21,42,9,2,4,9,3,2025-11-21 00:49:51,2025-11-21 00:49:51,13.807671,75.445005,Online Financial Fraud reported near Shivamogga PS-2 jurisdiction.,0,4,0.07766990291262135,3.290651457409326,-1,-0.03070173764716344
8356,100060027202412098,202412098,2024-01-04,27,6,2,2,6,2,2024-01-04 01:41:50,2024-01-04 01:41:50,17.345166,76.773265,Chain Snatching reported near Kalaburagi PS-4 jurisdiction.,1,3,0.027589134125636672,3.701611742360312,-1,-0.03066022623596698
12070,100060024202415137,202415137,2024-01-25,24,6,2,2,6,1,2024-01-25 01:02:57,2024-01-25 01:02:57,17.287927,76.873549,Chain Snatching reported near Kalaburagi PS-1 jurisdiction.,1,3,0.027589134125636672,3.701611742360312,-1,-0.03066022623596698
17871,100090043202514642,202514642,2025-07-09,43,9,2,2,6,3,2025-07-09 01:02:24,2025-07-09 01:02:24,13.97116,75.660993,Chain Snatching reported near Shivamogga PS-3 jurisdiction.,1,2,0.07160194174757281,3.701611742360312,-1,-0.030515106680743087
11539,100040017202510126,202510126,2025-06-19,17,4,2,2,6,4,2025-06-19 01:07:35,2025-06-19 01:07:35,15.86468,74.597505,Chain Snatching reported near Belagavi PS-3 jurisdiction.,1,3,0.05955334987593052,3.701611742360312,-1,-0.03013252576985259
17651,100070032202409980,202409980,2024-05-16,32,7,2,2,6,1,2024-05-16 01:07:26,2024-05-16 01:07:26,14.984715,76.850723,Chain Snatching reported near Ballari PS-3 jurisdiction.,1,3,0.027958993476234855,3.701611742360312,-1,-0.02999380745246283
648,100070031202511650,202511650,2025-01-27,31,7,2,4,9,3,2025-01-27 01:43:40,2025-01-27 01:43:40,15.208623,76.847986,Online Financial Fraud reported near Ballari PS-2 jurisdiction.,1,0,0.028890959925442685,3.039708021379458,-1,-0.02966093791043256
11833,100050019202415345,202415345,2024-08-01,19,5,2,2,6,4,2024-08-01 01:27:30,2024-08-01 01:27:30,15.409806,74.968129,Chain Snatching reported near Hubballi-Dharwad PS-1 jurisdiction.,1,3,0.07363420427553444,3.701611742360312,-1,-0.02961070398976795
522,100060027202516842,202516842,2025-01-28,27,6,2,2,5,1,2025-01-28 23:47:04,2025-01-28 23:47:04,17.350803,76.747958,Vehicle Theft reported near Kalaburagi PS-4 jurisdiction.,23,1,0.021222410865874362,3.123993792452915,-1,-0.02946523169887838
16515,100010003202514513,202514513,2025-01-19,3,1,2,4,9,1,2025-01-19 23:16:01,2025-01-19 23:16:01,13.020195,77.732214,Online Financial Fraud reported near Bengaluru PS-3 jurisdiction.,23,6,0.3628060629615235,2.4810475712776405,-1,-0.029387011141499775
13322,100010004202414185,202414185,2024-07-07,4,1,2,4,9,1,2024-07-07 23:57:14,2024-07-07 23:57:14,12.857245,77.575138,Online Financial Fraud reported near Bengaluru PS-4 jurisdiction.,23,6,0.3628060629615235,2.4810475712776405,-1,-0.029387011141499775
16557,100010001202511255,202511255,2025-10-27,1,1,1,5,11,4,2025-10-27 00:56:57,2025-10-27 00:56:57,12.814648,77.540449,Drug Peddling reported near Bengaluru PS-1 jurisdiction.,0,0,0.011853867081228138,3.1064271825815433,-1,-0.029119883840645122
8219,100040017202516339,202516339,2025-01-14,17,4,2,2,5,1,2025-01-14 23:49:48,2025-01-14 23:49:48,15.878851,74.593904,Vehicle Theft reported near Belagavi PS-3 jurisdiction.,23,1,0.06451612903225806,3.123993792452915,-1,-0.02911652166285461
8433,100020006202414593,202414593,2024-02-07,6,2,2,4,9,1,2024-02-07 00:31:01,2024-02-07 00:31:01,12.330687,76.649586,Online Financial Fraud reported near Mysuru PS-2 jurisdiction.,0,2,0.024691358024691357,3.290651457409326,-1,-0.02904841303085115
2401,100080035202516061,202516061,2025-05-03,35,8,2,2,6,3,2025-05-03 03:52:34,2025-05-03 03:52:34,13.253567,77.101651,Chain Snatching reported near Tumakuru PS-1 jurisdiction.,3,5,0.08445532435740515,3.2867782063183015,-1,-0.028779764582051337
2996,100070034202614190,202614190,2026-06-20,34,7,2,6,13,1,2026-06-20 02:01:26,2026-06-20 02:01:26,15.270235,77.050411,Rioting reported near Ballari PS-5 jurisdiction.,2,5,0.6356011183597391,2.6897049689859953,-1,-0.028415268112733094
13144,100040017202416630,202416630,2024-12-08,17,4,2,5,11,2,2024-12-08 01:23:53,2024-12-08 01:23:53,15.883832,74.592658,Drug Peddling reported near Belagavi PS-3 jurisdiction.,1,6,0.060794044665012405,2.939715951296488,-1,-0.02836804096559664
13856,100080037202516738,202516738,2025-10-24,37,8,2,4,9,1,2025-10-24 00:23:25,2025-10-24 00:23:25,13.235216,77.009976,Online Financial Fraud reported near Tumakuru PS-3 jurisdiction.,0,4,0.07221542227662178,3.290651457409326,-1,-0.028261350907449412
1489,100020008202614838,202614838,2026-02-17,8,2,2,5,11,3,2026-02-17 00:53:55,2026-02-17 00:53:55,12.289348,76.611247,Drug Peddling reported near Mysuru PS-4 jurisdiction.,0,1,0.032288698955365625,3.1064271825815433,-1,-0.028129797142933843
11631,100060029202416465,202416465,2024-10-18,29,6,2,4,9,2,2024-10-18 00:11:15,2024-10-18 00:11:15,17.452588,76.900505,Online Financial Fraud reported near Kalaburagi PS-6 jurisdiction.,0,4,0.02461799660441426,3.290651457409326,-1,-0.028088714070847787
8957,100020005202610921,202610921,2026-02-23,5,2,2,4,9,1,2026-02-23 01:18:34,2026-02-23 01:18:34,12.187365,76.577119,Online Financial Fraud reported near Mysuru PS-1 jurisdiction.,1,0,0.024691358024691357,3.039708021379458,-1,-0.027924177581961418
12251,100020006202517249,202517249,2025-02-10,6,2,2,4,9,1,2025-02-10 01:16:49,2025-02-10 01:16:49,12.346167,76.656459,Online Financial Fraud reported near Mysuru PS-2 jurisdiction.,1,0,0.024691358024691357,3.039708021379458,-1,-0.027924177581961418
17735,100050019202517746,202517746,2025-11-17,19,5,2,5,11,1,2025-11-17 01:05:52,2025-11-17 01:05:52,15.406985,74.98876,Drug Peddling reported near Hubballi-Dharwad PS-1 jurisdiction.,1,0,0.08194774346793349,2.939715951296488,-1,-0.02778106133742153
12604,100050021202515134,202515134,2025-12-22,21,5,2,2,6,1,2025-12-22 03:57:50,2025-12-22 03:57:50,15.233404,75.060852,Chain Snatching reported near Hubballi-Dharwad PS-3 jurisdiction.,3,0,0.07363420427553444,3.2867782063183015,-1,-0.027482923622012656
10080,100020005202417404,202417404,2024-10-13,5,2,1,3,8,2,2024-10-13 03:46:18,2024-10-13 03:46:18,12.16098,76.570623,Dowry Harassment reported near Mysuru PS-1 jurisdiction.,3,6,0.6258309591642925,2.5195282578525475,-1,-0.027474538948918492
8603,100070034202514692,202514692,2025-11-17,34,7,2,2,5,3,2025-11-17 22:05:20,2025-11-17 22:05:20,15.292029,77.022231,Vehicle Theft reported near Ballari PS-5 jurisdiction.,22,0,0.02749301025163094,2.9528482643451315,-1,-0.027451880034727094
16694,100060024202412178,202412178,2024-01-21,24,6,1,5,11,2,2024-01-21 05:33:05,2024-01-21 05:33:05,17.300079,76.888575,Drug Peddling reported near Kalaburagi PS-1 jurisdiction.,5,6,0.6897283531409168,2.2728710261562672,-1,-0.027333916259211444
3665,100060028202410962,202410962,2024-06-03,28,6,1,2,5,2,2024-06-03 23:47:12,2024-06-03 23:47:12,17.305892,76.747026,Vehicle Theft reported near Kalaburagi PS-5 jurisdiction.,23,0,0.021222410865874362,3.123993792452915,-1,-0.02727717691093201
17715,100070034202410186,202410186,2024-08-27,34,7,2,5,11,1,2024-08-27 00:23:48,2024-08-27 00:23:48,15.287705,77.052799,Drug Peddling reported near Ballari PS-5 jurisdiction.,0,1,0.02842497670083877,3.1064271825815433,-1,-0.027249198090022908
429,100070034202410890,202410890,2024-05-01,34,7,1,6,13,1,2024-05-01 01:25:10,2024-05-01 01:25:10,15.252597,77.031632,Rioting reported near Ballari PS-5 jurisdiction.,1,2,0.6356011183597391,2.8762049301226886,-1,-0.027226023356863527
17436,100070033202514990,202514990,2025-08-27,33,7,1,6,13,1,2025-08-27 01:06:59,2025-08-27 01:06:59,15.065768,76.831503,Rioting reported near Ballari PS-4 jurisdiction.,1,2,0.6356011183597391,2.8762049301226886,-1,-0.027226023356863527
1537,100070030202614914,202614914,2026-03-11,30,7,1,6,13,2,2026-03-11 01:07:04,2026-03-11 01:07:04,15.212104,77.039687,Rioting reported near Ballari PS-1 jurisdiction.,1,2,0.6356011183597391,2.8762049301226886,-1,-0.027226023356863527
8610,100050021202610705,202610705,2026-03-29,21,5,1,5,11,1,2026-03-29 00:14:30,2026-03-29 00:14:30,15.232239,75.028667,Drug Peddling reported near Hubballi-Dharwad PS-3 jurisdiction.,0,6,0.08194774346793349,3.1064271825815433,-1,-0.02708643905631647
1576,100050021202414548,202414548,2024-07-21,21,5,1,5,11,2,2024-07-21 00:01:22,2024-07-21 00:01:22,15.241033,75.030755,Drug Peddling reported near Hubballi-Dharwad PS-3 jurisdiction.,0,6,0.08194774346793349,3.1064271825815433,-1,-0.02708643905631647
368,100070030202416475,202416475,2024-03-03,30,7,2,6,13,1,2024-03-03 05:23:44,2024-03-03 05:23:44,15.207988,77.027615,Rioting reported near Ballari PS-1 jurisdiction.,5,6,0.6356011183597391,2.1302050855759163,-1,-0.02701614717808798
15557,100020006202416691,202416691,2024-09-16,6,2,1,4,9,1,2024-09-16 00:08:09,2024-09-16 00:08:09,12.322704,76.654062,Online Financial Fraud reported near Mysuru PS-2 jurisdiction.,0,0,0.024691358024691357,3.290651457409326,-1,-0.02701208274067146
3613,100050022202415733,202415733,2024-12-07,22,5,1,2,6,2,2024-12-07 00:39:48,2024-12-07 00:39:48,15.26032,75.052486,Chain Snatching reported near Hubballi-Dharwad PS-4 jurisdiction.,0,5,0.07363420427553444,3.9090285103813174,-1,-0.026886714872848105
1207,100050020202410117,202410117,2024-12-29,20,5,2,2,6,1,2024-12-29 04:05:43,2024-12-29 04:05:43,15.284901,75.080416,Chain Snatching reported near Hubballi-Dharwad PS-2 jurisdiction.,4,6,0.07363420427553444,3.0793614382972967,-1,-0.02663987426944936
1663,100060024202414749,202414749,2024-04-15,24,6,2,2,6,1,2024-04-15 03:16:41,2024-04-15 03:16:41,17.298533,76.892337,Chain Snatching reported near Kalaburagi PS-1 jurisdiction.,3,0,0.027589134125636672,3.2867782063183015,-1,-0.02663705445917064
7602,100100051202511319,202511319,2025-08-29,51,10,2,2,5,1,2025-08-29 23:49:45,2025-08-29 23:49:45,14.454447,76.043985,Vehicle Theft reported near Davanagere PS-6 jurisdiction.,23,4,0.06612685560053981,3.123993792452915,-1,-0.02589362941062212
10075,100090042202410594,202410594,2024-11-10,42,9,1,2,5,1,2024-11-10 23:02:03,2024-11-10 23:02:03,13.806881,75.457476,Vehicle Theft reported near Shivamogga PS-2 jurisdiction.,23,6,0.07645631067961164,3.123993792452915,-1,-0.025869110997397526
1834,100090042202513314,202513314,2025-12-14,42,9,2,6,13,1,2025-12-14 01:05:10,2025-12-14 01:05:10,13.800229,75.451479,Rioting reported near Shivamogga PS-2 jurisdiction.,1,6,0.08373786407766991,2.8762049301226886,-1,-0.025532056139404236
3748,100010001202617190,202617190,2026-03-08,1,1,1,3,8,1,2026-03-08 01:12:31,2026-03-08 01:12:31,12.838573,77.541898,Dowry Harassment reported near Bengaluru PS-1 jurisdiction.,1,6,0.00971628449280995,2.863693058508874,-1,-0.025503204891608178
15061,100100049202416764,202416764,2024-06-08,49,10,2,2,6,3,2024-06-08 03:40:22,2024-06-08 03:40:22,14.407396,75.951327,Chain Snatching reported near Davanagere PS-4 jurisdiction.,3,5,0.07827260458839407,3.2867782063183015,-1,-0.025405527268198003
376,100090044202517337,202517337,2025-03-18,44,9,2,6,13,1,2025-03-18 00:05:34,2025-03-18 00:05:34,13.923597,75.437724,Rioting reported near Shivamogga PS-4 jurisdiction.,0,1,0.08373786407766991,3.0627048912593815,-1,-0.025377792892791295
14389,100050020202417877,202417877,2024-10-06,20,5,1,2,6,2,2024-10-06 02:27:13,2024-10-06 02:27:13,15.278833,75.069448,Chain Snatching reported near Hubballi-Dharwad PS-2 jurisdiction.,2,6,0.07363420427553444,3.494194974339307,-1,-0.0252859299810112
15294,100060024202416076,202416076,2024-06-15,24,6,2,5,11,3,2024-06-15 03:01:46,2024-06-15 03:01:46,17.299445,76.882061,Drug Peddling reported near Kalaburagi PS-1 jurisdiction.,3,5,0.6897283531409168,2.6062934887263776,-1,-0.02514856084521655
14526,100080035202413223,202413223,2024-05-11,35,8,2,6,13,2,2024-05-11 00:53:09,2024-05-11 00:53:09,13.260165,77.113731,Rioting reported near Tumakuru PS-1 jurisdiction.,0,5,0.07588739290085679,3.0627048912593815,-1,-0.025103941612002134
14309,100080036202416323,202416323,2024-11-23,36,8,2,6,13,3,2024-11-23 00:16:54,2024-11-23 00:16:54,13.43479,77.16316,Rioting reported near Tumakuru PS-2 jurisdiction.,0,5,0.07588739290085679,3.0627048912593815,-1,-0.025103941612002134
2587,100020007202516222,202516222,2025-06-18,7,2,1,3,8,1,2025-06-18 01:04:39,2025-06-18 01:04:39,12.346555,76.687155,Dowry Harassment reported near Mysuru PS-3 jurisdiction.,1,2,0.6258309591642925,2.863693058508874,-1,-0.024945336371633098
5427,100010001202413053,202413053,2024-10-28,1,1,2,2,6,4,2024-10-28 07:52:16,2024-10-28 07:52:16,12.830931,77.508265,Chain Snatching reported near Bengaluru PS-1 jurisdiction.,7,0,0.5077730275942479,2.457111134234281,-1,-0.02482345044811962
17327,100070031202411118,202411118,2024-08-03,31,7,2,5,11,3,2024-08-03 00:19:35,2024-08-03 00:19:35,15.212927,76.831077,Drug Peddling reported near Ballari PS-2 jurisdiction.,0,5,0.02842497670083877,3.1064271825815433,-1,-0.02467027272532263
7584,100060028202611479,202611479,2026-04-11,28,6,2,6,13,1,2026-04-11 00:40:39,2026-04-11 00:40:39,17.337973,76.784073,Rioting reported near Kalaburagi PS-5 jurisdiction.,0,5,0.022920203735144314,3.0627048912593815,-1,-0.0243855036675239
14134,100010003202413179,202413179,2024-09-30,3,1,2,4,9,2,2024-09-30 04:10:17,2024-09-30 04:10:17,13.019484,77.704861,Online Financial Fraud reported near Bengaluru PS-3 jurisdiction.,4,0,0.3628060629615235,2.2868777132898535,-1,-0.024123134438658878
1646,100010004202612427,202612427,2026-01-20,4,1,2,2,6,3,2026-01-20 05:50:06,2026-01-20 05:50:06,12.855038,77.555416,Chain Snatching reported near Bengaluru PS-4 jurisdiction.,5,1,0.5077730275942479,2.8719446702762914,-1,-0.02403133099982635
15048,100030010202616188,202616188,2026-04-08,10,3,2,2,5,3,2026-04-08 23:26:39,2026-04-08 23:26:39,13.021309,74.901332,Vehicle Theft reported near Mangaluru PS-2 jurisdiction.,23,2,0.6624548736462094,3.123993792452915,-1,-0.02359866730091542
13284,100090041202412494,202412494,2024-10-27,41,9,1,5,11,1,2024-10-27 00:40:45,2024-10-27 00:40:45,13.950476,75.426129,Drug Peddling reported near Shivamogga PS-1 jurisdiction.,0,6,0.07402912621359223,3.1064271825815433,-1,-0.023359274794654383
1753,100080038202613783,202613783,2026-03-29,38,8,1,2,5,4,2026-03-29 23:34:58,2026-03-29 23:34:58,13.402006,77.118928,Vehicle Theft reported near Tumakuru PS-4 jurisdiction.,23,6,0.06364749082007344,3.123993792452915,-1,-0.023136185847677404
409,100010003202613819,202613819,2026-02-15,3,1,1,6,13,2,2026-02-15 01:08:33,2026-02-15 01:08:33,13.026643,77.730983,Rioting reported near Bengaluru PS-3 jurisdiction.,1,6,0.010687912942090944,2.8762049301226886,-1,-0.02264289828276156
12773,100030012202410382,202410382,2024-06-09,12,3,1,6,13,1,2024-06-09 00:02:40,2024-06-09 00:02:40,13.039448,74.792402,Rioting reported near Mangaluru PS-4 jurisdiction.,0,6,0.029332129963898917,3.0627048912593815,-1,-0.021874316896521195
5914,100040018202416709,202416709,2024-08-04,18,4,1,5,11,3,2024-08-04 00:32:57,2024-08-04 00:32:57,15.888167,74.613851,Drug Peddling reported near Belagavi PS-4 jurisdiction.,0,6,0.060794044665012405,3.1064271825815433,-1,-0.021776486785099358
2339,100100051202610782,202610782,2026-04-19,51,10,2,6,13,2,2026-04-19 01:59:37,2026-04-19 01:59:37,14.434751,76.051831,Rioting reported near Davanagere PS-6 jurisdiction.,1,6,0.0728744939271255,2.8762049301226886,-1,-0.02172471107225027
12750,100100050202610348,202610348,2026-05-25,50,10,2,2,6,2,2026-05-25 04:16:15,2026-05-25 04:16:15,14.33328,75.906641,Chain Snatching reported near Davanagere PS-5 jurisdiction.,4,0,0.07827260458839407,3.0793614382972967,-1,-0.02165760090008284
443,100040016202417234,202417234,2024-03-15,16,4,2,5,11,4,2024-03-15 00:24:02,2024-03-15 00:24:02,15.998151,74.447477,Drug Peddling reported near Belagavi PS-2 jurisdiction.,0,4,0.060794044665012405,3.1064271825815433,-1,-0.02151912041048465
11290,100080039202414723,202414723,2024-06-26,39,8,1,2,6,1,2024-06-26 00:03:06,2024-06-26 00:03:06,13.419761,77.099863,Chain Snatching reported near Tumakuru PS-5 jurisdiction.,0,2,0.08445532435740515,3.9090285103813174,-1,-0.021511432365597494
10156,100080035202515968,202515968,2025-01-09,35,8,2,2,5,1,2025-01-09 23:31:14,2025-01-09 23:31:14,13.242592,77.115562,Vehicle Theft reported near Tumakuru PS-1 jurisdiction.,23,3,0.06364749082007344,3.123993792452915,-1,-0.021490901698260068
8370,100030014202515450,202515450,2025-10-17,14,3,2,5,11,3,2025-10-17 00:26:20,2025-10-17 00:26:20,13.025517,74.882357,Drug Peddling reported near Mangaluru PS-6 jurisdiction.,0,4,0.023014440433212997,3.1064271825815433,-1,-0.021480957291187375
8003,100080038202511121,202511121,2025-07-18,38,8,2,5,11,1,2025-07-18 00:41:41,2025-07-18 00:41:41,13.408537,77.124929,Drug Peddling reported near Tumakuru PS-4 jurisdiction.,0,4,0.07466340269277846,3.1064271825815433,-1,-0.021442265210107836
951,100030012202513259,202513259,2025-03-29,12,3,2,6,13,4,2025-03-29 00:13:55,2025-03-29 00:13:55,13.050504,74.79688,Rioting reported near Mangaluru PS-4 jurisdiction.,0,5,0.029332129963898917,3.0627048912593815,-1,-0.02132980987285482
14272,100090041202616522,202616522,2026-03-20,41,9,2,5,11,1,2026-03-20 00:11:23,2026-03-20 00:11:23,13.919525,75.447215,Drug Peddling reported near Shivamogga PS-1 jurisdiction.,0,4,0.07402912621359223,3.1064271825815433,-1,-0.021223168308804885
7725,100060029202516309,202516309,2025-12-20,29,6,2,5,11,3,2025-12-20 04:55:29,2025-12-20 04:55:29,17.445536,76.89587,Drug Peddling reported near Kalaburagi PS-6 jurisdiction.,4,5,0.6897283531409168,2.4395822574413226,-1,-0.021200374248497522
6445,100010002202516360,202516360,2025-01-27,2,1,1,2,5,2,2025-01-27 22:31:07,2025-01-27 22:31:07,12.890519,77.649769,Vehicle Theft reported near Bengaluru PS-2 jurisdiction.,22,0,0.010687912942090944,2.9528482643451315,-1,-0.02072456907650222
3261,100010004202410868,202410868,2024-05-20,4,1,1,2,5,3,2024-05-20 22:29:28,2024-05-20 22:29:28,12.85646,77.581533,Vehicle Theft reported near Bengaluru PS-4 jurisdiction.,22,0,0.010687912942090944,2.9528482643451315,-1,-0.02072456907650222
6025,100010004202616971,202616971,2026-05-25,4,1,1,2,5,2,2026-05-25 22:21:12,2026-05-25 22:21:12,12.859022,77.571363,Vehicle Theft reported near Bengaluru PS-4 jurisdiction.,22,0,0.010687912942090944,2.9528482643451315,-1,-0.02072456907650222
8157,100030014202511877,202511877,2025-05-24,14,3,2,2,6,2,2025-05-24 03:31:06,2025-05-24 03:31:06,13.005248,74.897522,Chain Snatching reported near Mangaluru PS-6 jurisdiction.,3,5,0.03384476534296029,3.2867782063183015,-1,-0.020701809270073146
3108,100030009202610106,202610106,2026-04-04,9,3,2,2,6,2,2026-04-04 03:11:46,2026-04-04 03:11:46,13.007447,74.713897,Chain Snatching reported near Mangaluru PS-1 jurisdiction.,3,5,0.03384476534296029,3.2867782063183015,-1,-0.020701809270073146
14224,100080039202510265,202510265,2025-02-25,39,8,2,2,6,1,2025-02-25 03:49:24,2025-02-25 03:49:24,13.425032,77.094456,Chain Snatching reported near Tumakuru PS-5 jurisdiction.,3,1,0.08445532435740515,3.2867782063183015,-1,-0.020572939684905145
5683,100040015202413990,202413990,2024-05-12,15,4,1,2,6,2,2024-05-12 03:33:03,2024-05-12 03:33:03,15.931164,74.512633,Chain Snatching reported near Belagavi PS-1 jurisdiction.,3,6,0.05955334987593052,3.2867782063183015,-1,-0.020547737257979648
5477,100070030202614010,202614010,2026-04-14,30,7,1,6,13,4,2026-04-14 02:14:09,2026-04-14 02:14:09,15.207904,77.016492,Rioting reported near Ballari PS-1 jurisdiction.,2,1,0.6356011183597391,2.6897049689859953,-1,-0.02021286034129144
686,100070033202413177,202413177,2024-08-30,33,7,2,6,13,2,2024-08-30 02:49:33,2024-08-30 02:49:33,15.072649,76.837509,Rioting reported near Ballari PS-4 jurisdiction.,2,4,0.6356011183597391,2.6897049689859953,-1,-0.019855409741123764
593,100070033202511235,202511235,2025-01-31,33,7,2,6,13,1,2025-01-31 02:26:24,2025-01-31 02:26:24,15.087937,76.838779,Rioting reported near Ballari PS-4 jurisdiction.,2,4,0.6356011183597391,2.6897049689859953,-1,-0.019855409741123764
17545,100070034202416742,202416742,2024-09-06,34,7,2,6,13,4,2024-09-06 02:17:30,2024-09-06 02:17:30,15.291408,77.040769,Rioting reported near Ballari PS-5 jurisdiction.,2,4,0.6356011183597391,2.6897049689859953,-1,-0.019855409741123764
6291,100020006202414921,202414921,2024-05-06,6,2,2,4,9,2,2024-05-06 23:34:45,2024-05-06 23:34:45,12.32206,76.648689,Online Financial Fraud reported near Mysuru PS-2 jurisdiction.,23,0,0.024691358024691357,2.4810475712776405,-1,-0.01972620491244126
7291,100010001202510048,202510048,2025-02-14,1,1,2,2,5,3,2025-02-14 22:41:14,2025-02-14 22:41:14,12.84344,77.512827,Vehicle Theft reported near Bengaluru PS-1 jurisdiction.,22,4,0.010687912942090944,2.9528482643451315,-1,-0.01968226386139149
3555,100010004202613246,202613246,2026-01-18,4,1,1,4,9,1,2026-01-18 23:52:50,2026-01-18 23:52:50,12.859381,77.583941,Online Financial Fraud reported near Bengaluru PS-4 jurisdiction.,23,6,0.3628060629615235,2.4810475712776405,-1,-0.019580139090842663
3589,100100049202510088,202510088,2025-05-11,49,10,1,6,13,3,2025-05-11 00:11:52,2025-05-11 00:11:52,14.409499,75.958287,Rioting reported near Davanagere PS-4 jurisdiction.,0,6,0.0728744939271255,3.0627048912593815,-1,-0.019574147008692422
8895,100030010202416449,202416449,2024-04-09,10,3,1,2,5,2,2024-04-09 23:57:35,2024-04-09 23:57:35,12.997951,74.928126,Vehicle Theft reported near Mangaluru PS-2 jurisdiction.,23,1,0.6624548736462094,3.123993792452915,-1,-0.019487998925964645
13685,100020006202510815,202510815,2025-03-06,6,2,1,2,6,3,2025-03-06 00:23:08,2025-03-06 00:23:08,12.327529,76.643362,Chain Snatching reported near Mysuru PS-2 jurisdiction.,0,3,0.024691358024691357,3.9090285103813174,-1,-0.019467939872371165
16455,100030012202615436,202615436,2026-03-02,12,3,2,2,5,1,2026-03-02 21:06:16,2026-03-02 21:06:16,13.053931,74.799339,Vehicle Theft reported near Mangaluru PS-4 jurisdiction.,21,0,0.6624548736462094,2.781702736237348,-1,-0.01944825116538429
14678,100060029202611200,202611200,2026-02-04,29,6,2,2,6,1,2026-02-04 02:00:15,2026-02-04 02:00:15,17.45527,76.875332,Chain Snatching reported near Kalaburagi PS-6 jurisdiction.,2,2,0.027589134125636672,3.494194974339307,-1,-0.019427682090643827
1218,100030011202613543,202613543,2026-05-31,11,3,1,3,8,1,2026-05-31 00:15:47,2026-05-31 00:15:47,12.882849,74.762168,Dowry Harassment reported near Mangaluru PS-3 jurisdiction.,0,6,0.02572202166064982,3.0357754588370374,-1,-0.019406689840125058
8685,100030011202416647,202416647,2024-06-04,11,3,2,2,6,1,2024-06-04 03:50:29,2024-06-04 03:50:29,12.879847,74.738536,Chain Snatching reported near Mangaluru PS-3 jurisdiction.,3,1,0.03384476534296029,3.2867782063183015,-1,-0.019244200347630303
8153,100070030202417380,202417380,2024-06-03,30,7,2,4,9,1,2024-06-03 23:05:36,2024-06-03 23:05:36,15.20525,77.009927,Online Financial Fraud reported near Ballari PS-1 jurisdiction.,23,0,0.028890959925442685,2.4810475712776405,-1,-0.01904475921970472
4630,100100049202410719,202410719,2024-05-26,49,10,1,3,8,1,2024-05-26 00:12:41,2024-05-26 00:12:41,14.409734,75.956727,Dowry Harassment reported near Davanagere PS-4 jurisdiction.,0,6,0.0796221322537112,3.0357754588370374,-1,-0.018997331116931915
10575,100050022202416765,202416765,2024-03-01,22,5,2,6,13,1,2024-03-01 00:57:10,2024-03-01 00:57:10,15.245734,75.037947,Rioting reported near Hubballi-Dharwad PS-4 jurisdiction.,0,4,0.07957244655581948,3.0627048912593815,-1,-0.018919608629144546
1075,100100051202514746,202514746,2025-07-04,51,10,2,5,11,1,2025-07-04 00:42:15,2025-07-04 00:42:15,14.434273,76.045569,Drug Peddling reported near Davanagere PS-6 jurisdiction.,0,4,0.06747638326585695,3.1064271825815433,-1,-0.018817987909765632
15338,100080040202615608,202615608,2026-03-23,40,8,2,2,5,1,2026-03-23 21:47:40,2026-03-23 21:47:40,13.380108,77.08459,Vehicle Theft reported near Tumakuru PS-6 jurisdiction.,21,0,0.06364749082007344,2.781702736237348,-1,-0.018785092585533736
14359,100070030202414032,202414032,2024-04-30,30,7,2,6,13,4,2024-04-30 05:39:44,2024-04-30 05:39:44,15.177977,77.029314,Rioting reported near Ballari PS-1 jurisdiction.,5,1,0.6356011183597391,2.1302050855759163,-1,-0.018712208435268107
16531,100020006202514876,202514876,2025-04-14,6,2,1,5,11,2,2025-04-14 00:03:22,2025-04-14 00:03:22,12.327804,76.663954,Drug Peddling reported near Mysuru PS-2 jurisdiction.,0,0,0.032288698955365625,3.1064271825815433,-1,-0.018541139706792054
13901,100030011202512482,202512482,2025-02-06,11,3,2,2,6,1,2025-02-06 02:43:35,2025-02-06 02:43:35,12.853986,74.759828,Chain Snatching reported near Mangaluru PS-3 jurisdiction.,2,3,0.03384476534296029,3.494194974339307,-1,-0.018466547739050987
4899,100090041202516987,202516987,2025-03-17,41,9,1,2,5,1,2025-03-17 22:17:59,2025-03-17 22:17:59,13.932533,75.444368,Vehicle Theft reported near Shivamogga PS-1 jurisdiction.,22,0,0.07645631067961164,2.9528482643451315,-1,-0.018308630970439332
12475,100100048202616726,202616726,2026-01-06,48,10,2,2,6,3,2026-01-06 03:50:23,2026-01-06 03:50:23,14.511896,75.938583,Chain Snatching reported near Davanagere PS-3 jurisdiction.,3,1,0.07827260458839407,3.2867782063183015,-1,-0.018080074308226668
6142,100020005202411527,202411527,2024-05-18,5,2,1,3,8,1,2024-05-18 02:01:20,2024-05-18 02:01:20,12.179381,76.570429,Dowry Harassment reported near Mysuru PS-1 jurisdiction.,2,5,0.6258309591642925,2.6916106581807107,-1,-0.018007637785653396
15200,100070034202514625,202514625,2025-09-21,34,7,2,5,11,3,2025-09-21 02:13:19,2025-09-21 02:13:19,15.253793,77.029864,Drug Peddling reported near Ballari PS-5 jurisdiction.,2,6,0.02842497670083877,2.773004720011433,-1,-0.01765550632304269
10209,100010003202514352,202514352,2025-08-09,3,1,1,3,8,1,2025-08-09 00:30:52,2025-08-09 00:30:52,13.041083,77.698442,Dowry Harassment reported near Bengaluru PS-3 jurisdiction.,0,5,0.00971628449280995,3.0357754588370374,-1,-0.017541726778817157
6602,100080037202510658,202510658,2025-06-01,37,8,1,3,8,4,2025-06-01 00:31:30,2025-06-01 00:31:30,13.223469,77.010293,Dowry Harassment reported near Tumakuru PS-3 jurisdiction.,0,6,0.07588739290085679,3.0357754588370374,-1,-0.017516058794277645
17849,100080040202517854,202517854,2025-02-16,40,8,1,3,8,1,2025-02-16 00:03:43,2025-02-16 00:03:43,13.344729,77.081273,Dowry Harassment reported near Tumakuru PS-6 jurisdiction.,0,6,0.07588739290085679,3.0357754588370374,-1,-0.017516058794277645
12599,100030009202513286,202513286,2025-11-16,9,3,2,2,5,1,2025-11-16 21:20:53,2025-11-16 21:20:53,13.018597,74.712212,Vehicle Theft reported near Mangaluru PS-1 jurisdiction.,21,6,0.6624548736462094,2.781702736237348,-1,-0.01746069784793458
7336,100050020202612605,202612605,2026-04-19,20,5,1,3,8,1,2026-04-19 00:52:37,2026-04-19 00:52:37,15.298167,75.067511,Dowry Harassment reported near Hubballi-Dharwad PS-2 jurisdiction.,0,6,0.06294536817102138,3.0357754588370374,-1,-0.017323682667835127
9097,100050019202516316,202516316,2025-03-20,19,5,2,2,6,2,2025-03-20 02:09:48,2025-03-20 02:09:48,15.420468,75.004467,Chain Snatching reported near Hubballi-Dharwad PS-1 jurisdiction.,2,3,0.07363420427553444,3.494194974339307,-1,-0.01719739122337738
383,100050023202612315,202612315,2026-02-19,23,5,2,2,6,1,2026-02-19 02:37:11,2026-02-19 02:37:11,15.414939,75.086809,Chain Snatching reported near Hubballi-Dharwad PS-5 jurisdiction.,2,3,0.07363420427553444,3.494194974339307,-1,-0.01719739122337738
8649,100050022202417322,202417322,2024-12-19,22,5,2,2,6,4,2024-12-19 02:50:25,2024-12-19 02:50:25,15.248919,75.043817,Chain Snatching reported near Hubballi-Dharwad PS-4 jurisdiction.,2,3,0.07363420427553444,3.494194974339307,-1,-0.01719739122337738
16534,100040016202413215,202413215,2024-12-20,16,4,2,6,13,3,2024-12-20 00:02:30,2024-12-20 00:02:30,15.998615,74.464917,Rioting reported near Belagavi PS-2 jurisdiction.,0,4,0.07568238213399504,3.0627048912593815,-1,-0.01717572494582076
2702,100090044202511431,202511431,2025-08-12,44,9,2,2,5,1,2025-08-12 22:43:29,2025-08-12 22:43:29,13.905783,75.451799,Vehicle Theft reported near Shivamogga PS-4 jurisdiction.,22,1,0.07645631067961164,2.9528482643451315,-1,-0.017173896170755487
1280,100080035202410112,202410112,2024-03-16,35,8,2,4,9,1,2024-03-16 01:16:59,2024-03-16 01:16:59,13.252972,77.119085,Online Financial Fraud reported near Tumakuru PS-1 jurisdiction.,1,5,0.07221542227662178,3.039708021379458,-1,-0.01717338761194598
9592,100030010202516415,202516415,2025-06-25,10,3,1,2,6,2,2025-06-25 00:44:20,2025-06-25 00:44:20,12.995369,74.907009,Chain Snatching reported near Mangaluru PS-2 jurisdiction.,0,2,0.03384476534296029,3.9090285103813174,-1,-0.017093085194785806
790,100070031202514498,202514498,2025-06-01,31,7,2,4,9,1,2025-06-01 02:08:47,2025-06-01 02:08:47,15.22298,76.822403,Online Financial Fraud reported near Ballari PS-2 jurisdiction.,2,6,0.028890959925442685,2.7887645853495897,-1,-0.01701502813931699
9447,100070033202611960,202611960,2026-01-04,33,7,2,4,9,1,2026-01-04 02:46:15,2026-01-04 02:46:15,15.061692,76.836564,Online Financial Fraud reported near Ballari PS-4 jurisdiction.,2,6,0.028890959925442685,2.7887645853495897,-1,-0.01701502813931699
12514,100070030202617060,202617060,2026-06-29,30,7,1,6,13,4,2026-06-29 05:22:47,2026-06-29 05:22:47,15.20646,77.011538,Rioting reported near Ballari PS-1 jurisdiction.,5,0,0.6356011183597391,2.1302050855759163,-1,-0.01671013954120859
1125,100010001202510450,202510450,2025-05-05,1,1,2,2,5,2,2025-05-05 20:08:13,2025-05-05 20:08:13,12.828048,77.544952,Vehicle Theft reported near Bengaluru PS-1 jurisdiction.,20,0,0.010687912942090944,2.6105572081295643,-1,-0.01669087142101877
10847,100020006202514965,202514965,2025-08-28,6,2,2,5,11,2,2025-08-28 00:10:02,2025-08-28 00:10:02,12.328888,76.645584,Drug Peddling reported near Mysuru PS-2 jurisdiction.,0,3,0.032288698955365625,3.1064271825815433,-1,-0.01663260273041578
12465,100050022202413742,202413742,2024-09-22,22,5,2,5,11,4,2024-09-22 02:56:10,2024-09-22 02:56:10,15.243467,75.060216,Drug Peddling reported near Hubballi-Dharwad PS-4 jurisdiction.,2,6,0.08194774346793349,2.773004720011433,-1,-0.016540408539714946
11507,100090043202410798,202410798,2024-08-26,43,9,1,2,6,1,2024-08-26 02:09:57,2024-08-26 02:09:57,13.95918,75.640521,Chain Snatching reported near Shivamogga PS-3 jurisdiction.,2,0,0.07160194174757281,3.494194974339307,-1,-0.015516698628782022
13553,100070033202617175,202617175,2026-05-11,33,7,1,3,8,1,2026-05-11 00:26:58,2026-05-11 00:26:58,15.060986,76.823847,Dowry Harassment reported near Ballari PS-4 jurisdiction.,0,0,0.03308480894687791,3.0357754588370374,-1,-0.015447009596049055
6268,100070031202511881,202511881,2025-12-22,31,7,1,3,8,2,2025-12-22 00:49:42,2025-12-22 00:49:42,15.222694,76.856761,Dowry Harassment reported near Ballari PS-2 jurisdiction.,0,0,0.03308480894687791,3.0357754588370374,-1,-0.015447009596049055
7628,100060025202513925,202513925,2025-10-02,25,6,2,6,13,1,2025-10-02 00:57:15,2025-10-02 00:57:15,17.383551,76.904824,Rioting reported near Kalaburagi PS-2 jurisdiction.,0,3,0.022920203735144314,3.0627048912593815,-1,-0.01536767059335964
11792,100010004202610499,202610499,2026-02-16,4,1,1,5,11,2,2026-02-16 01:08:24,2026-02-16 01:08:24,12.829838,77.563609,Drug Peddling reported near Bengaluru PS-4 jurisdiction.,1,0,0.011853867081228138,2.939715951296488,-1,-0.01506658712487019
8320,100040016202415341,202415341,2024-02-18,16,4,2,4,9,3,2024-02-18 02:51:41,2024-02-18 02:51:41,15.981933,74.457057,Online Financial Fraud reported near Belagavi PS-2 jurisdiction.,2,6,0.0707196029776675,2.7887645853495897,-1,-0.014810825675163009
15539,100060028202417908,202417908,2024-03-10,28,6,2,2,6,2,2024-03-10 05:24:34,2024-03-10 05:24:34,17.303234,76.77081,Chain Snatching reported near Kalaburagi PS-5 jurisdiction.,5,6,0.027589134125636672,2.8719446702762914,-1,-0.014617904093208511
16240,100010004202416273,202416273,2024-08-17,4,1,2,4,9,3,2024-08-17 23:38:41,2024-08-17 23:38:41,12.856225,77.589867,Online Financial Fraud reported near Bengaluru PS-4 jurisdiction.,23,5,0.3628060629615235,2.4810475712776405,-1,-0.01460648356663008
9617,100010001202615919,202615919,2026-03-11,1,1,1,4,9,2,2026-03-11 02:44:15,2026-03-11 02:44:15,12.821875,77.524396,Online Financial Fraud reported near Bengaluru PS-1 jurisdiction.,2,2,0.3628060629615235,2.7887645853495897,-1,-0.014593968338899477
1809,100030010202414081,202414081,2024-01-28,10,3,2,2,6,2,2024-01-28 05:19:54,2024-01-28 05:19:54,13.025236,74.909686,Chain Snatching reported near Mangaluru PS-2 jurisdiction.,5,6,0.03384476534296029,2.8719446702762914,-1,-0.014445968280448085
2637,100030013202616565,202616565,2026-05-17,13,3,2,2,6,2,2026-05-17 05:34:44,2026-05-17 05:34:44,12.787986,74.726481,Chain Snatching reported near Mangaluru PS-5 jurisdiction.,5,6,0.03384476534296029,2.8719446702762914,-1,-0.014445968280448085
11569,100070031202409956,202409956,2024-01-24,31,7,2,6,13,3,2024-01-24 04:37:38,2024-01-24 04:37:38,15.225804,76.822126,Rioting reported near Ballari PS-2 jurisdiction.,4,2,0.6356011183597391,2.3167050467126096,-1,-0.014292708039313262
13098,100070030202416305,202416305,2024-09-17,30,7,2,5,11,3,2024-09-17 01:23:17,2024-09-17 01:23:17,15.193655,77.041198,Drug Peddling reported near Ballari PS-1 jurisdiction.,1,1,0.02842497670083877,2.939715951296488,-1,-0.014224567694247514
13958,100010002202417949,202417949,2024-04-01,2,1,2,2,6,3,2024-04-01 09:08:12,2024-04-01 09:08:12,12.882539,77.667345,Chain Snatching reported near Bengaluru PS-2 jurisdiction.,9,0,0.5077730275942479,2.0422775981922703,-1,-0.014212778509938406
5844,100100046202416391,202416391,2024-01-21,46,10,2,5,11,1,2024-01-21 02:22:10,2024-01-21 02:22:10,14.613803,76.016657,Drug Peddling reported near Davanagere PS-1 jurisdiction.,2,6,0.06747638326585695,2.773004720011433,-1,-0.013714504113388815
4910,100010002202410728,202410728,2024-11-12,2,1,1,4,9,1,2024-11-12 02:14:15,2024-11-12 02:14:15,12.907039,77.670581,Online Financial Fraud reported near Bengaluru PS-2 jurisdiction.,2,1,0.3628060629615235,2.7887645853495897,-1,-0.013581897143738808
10286,100060025202512539,202512539,2025-10-27,25,6,1,2,5,1,2025-10-27 22:27:57,2025-10-27 22:27:57,17.372505,76.886783,Vehicle Theft reported near Kalaburagi PS-2 jurisdiction.,22,0,0.021222410865874362,2.9528482643451315,-1,-0.013493339397288251
5809,100070032202511613,202511613,2025-10-05,32,7,1,6,13,1,2025-10-05 05:08:00,2025-10-05 05:08:00,14.99277,76.86242,Rioting reported near Ballari PS-3 jurisdiction.,5,6,0.6356011183597391,2.1302050855759163,-1,-0.013442898509010814
9527,100070033202414703,202414703,2024-03-31,33,7,1,6,13,3,2024-03-31 05:59:19,2024-03-31 05:59:19,15.080563,76.814838,Rioting reported near Ballari PS-4 jurisdiction.,5,6,0.6356011183597391,2.1302050855759163,-1,-0.013442898509010814
10296,100070033202413458,202413458,2024-02-20,33,7,2,2,5,3,2024-02-20 22:18:19,2024-02-20 22:18:19,15.051195,76.850682,Vehicle Theft reported near Ballari PS-4 jurisdiction.,22,1,0.02749301025163094,2.9528482643451315,-1,-0.013138626414430421
4104,100100048202417228,202417228,2024-08-31,48,10,1,2,5,3,2024-08-31 23:39:18,2024-08-31 23:39:18,14.518325,75.933697,Vehicle Theft reported near Davanagere PS-3 jurisdiction.,23,5,0.06612685560053981,3.123993792452915,-1,-0.01312621809379566
5030,100100046202615898,202615898,2026-04-25,46,10,1,2,5,1,2026-04-25 23:50:25,2026-04-25 23:50:25,14.616947,76.022291,Vehicle Theft reported near Davanagere PS-1 jurisdiction.,23,5,0.06612685560053981,3.123993792452915,-1,-0.01312621809379566
12433,100100047202515861,202515861,2025-08-30,47,10,1,2,6,1,2025-08-30 02:20:33,2025-08-30 02:20:33,14.300703,75.974417,Chain Snatching reported near Davanagere PS-2 jurisdiction.,2,5,0.07827260458839407,3.494194974339307,-1,-0.013022633533220529
11220,100100050202416687,202416687,2024-04-08,50,10,1,3,8,2,2024-04-08 00:58:40,2024-04-08 00:58:40,14.335962,75.894306,Dowry Harassment reported near Davanagere PS-5 jurisdiction.,0,0,0.0796221322537112,3.0357754588370374,-1,-0.012912095230561804
9710,100030010202413850,202413850,2024-12-22,10,3,2,2,5,1,2024-12-22 20:26:08,2024-12-22 20:26:08,13.01547,74.905004,Vehicle Theft reported near Mangaluru PS-2 jurisdiction.,20,6,0.6624548736462094,2.6105572081295643,-1,-0.01284422745127678
722,100010002202515749,202515749,2025-03-27,2,1,2,5,11,1,2025-03-27 01:13:56,2025-03-27 01:13:56,12.880677,77.663844,Drug Peddling reported near Bengaluru PS-2 jurisdiction.,1,3,0.011853867081228138,2.939715951296488,-1,-0.012494258022863303
7260,100020005202617349,202617349,2026-03-29,5,2,1,2,5,1,2026-03-29 22:08:21,2026-03-29 22:08:21,12.193456,76.549705,Vehicle Theft reported near Mysuru PS-1 jurisdiction.,22,6,0.02849002849002849,2.9528482643451315,-1,-0.012323379986940108
6916,100030010202414558,202414558,2024-02-12,10,3,2,2,5,2,2024-02-12 17:46:22,2024-02-12 17:46:22,13.018394,74.924315,Vehicle Theft reported near Mangaluru PS-2 jurisdiction.,17,0,0.6624548736462094,2.097120623806214,-1,-0.012141262800487218
15113,100020006202510528,202510528,2025-01-04,6,2,2,5,11,2,2025-01-04 01:55:59,2025-01-04 01:55:59,12.339245,76.671016,Drug Peddling reported near Mysuru PS-2 jurisdiction.,1,5,0.032288698955365625,2.939715951296488,-1,-0.01204084354875734
14752,100020005202412673,202412673,2024-08-03,5,2,2,5,11,2,2024-08-03 01:28:40,2024-08-03 01:28:40,12.185578,76.557119,Drug Peddling reported near Mysuru PS-1 jurisdiction.,1,5,0.032288698955365625,2.939715951296488,-1,-0.01204084354875734
6857,100010001202514600,202514600,2025-11-25,1,1,2,4,9,1,2025-11-25 03:29:08,2025-11-25 03:29:08,12.848585,77.517026,Online Financial Fraud reported near Bengaluru PS-1 jurisdiction.,3,1,0.3628060629615235,2.5378211493197216,-1,-0.0120258429723471
14848,100050023202417394,202417394,2024-06-09,23,5,1,2,5,1,2024-06-09 22:23:34,2024-06-09 22:23:34,15.416794,75.081572,Vehicle Theft reported near Hubballi-Dharwad PS-5 jurisdiction.,22,6,0.06769596199524941,2.9528482643451315,-1,-0.011957190296910225
16037,100010004202517434,202517434,2025-11-30,4,1,2,2,6,1,2025-11-30 09:34:38,2025-11-30 09:34:38,12.863912,77.591114,Chain Snatching reported near Bengaluru PS-4 jurisdiction.,9,6,0.5077730275942479,2.0422775981922703,-1,-0.011937404112028593
4821,100020006202613913,202613913,2026-01-04,6,2,2,2,5,1,2026-01-04 20:57:14,2026-01-04 20:57:14,12.323731,76.674434,Vehicle Theft reported near Mysuru PS-2 jurisdiction.,20,6,0.02849002849002849,2.6105572081295643,-1,-0.011846267011131895
10578,100050020202515437,202515437,2025-09-15,20,5,1,3,8,2,2025-09-15 00:50:58,2025-09-15 00:50:58,15.286332,75.078857,Dowry Harassment reported near Hubballi-Dharwad PS-2 jurisdiction.,0,0,0.06294536817102138,3.0357754588370374,-1,-0.011537562297471937
4933,100060024202612272,202612272,2026-04-24,24,6,2,2,6,1,2026-04-24 03:31:21,2026-04-24 03:31:21,17.280396,76.881148,Chain Snatching reported near Kalaburagi PS-1 jurisdiction.,3,4,0.027589134125636672,3.2867782063183015,-1,-0.011311744160122705
15666,100040016202515176,202515176,2025-03-09,16,4,1,2,5,1,2025-03-09 22:51:51,2025-03-09 22:51:51,16.007515,74.467379,Vehicle Theft reported near Belagavi PS-2 jurisdiction.,22,6,0.06451612903225806,2.9528482643451315,-1,-0.011229775755114413
10722,100070033202417216,202417216,2024-08-10,33,7,1,2,5,4,2024-08-10 23:12:40,2024-08-10 23:12:40,15.063421,76.846709,Vehicle Theft reported near Ballari PS-4 jurisdiction.,23,5,0.02749301025163094,3.123993792452915,-1,-0.011093724715340536
3982,100050023202514922,202514922,2025-09-27,23,5,1,5,11,4,2025-09-27 00:21:48,2025-09-27 00:21:48,15.415009,75.091897,Drug Peddling reported near Hubballi-Dharwad PS-5 jurisdiction.,0,5,0.08194774346793349,3.1064271825815433,-1,-0.011022152322361811
11618,100020006202410615,202410615,2024-08-23,6,2,2,2,6,2,2024-08-23 03:10:27,2024-08-23 03:10:27,12.314296,76.645113,Chain Snatching reported near Mysuru PS-2 jurisdiction.,3,4,0.024691358024691357,3.2867782063183015,-1,-0.010974850668142744
8301,100030009202511647,202511647,2025-04-08,9,3,1,2,6,2,2025-04-08 01:42:52,2025-04-08 01:42:52,13.002721,74.718513,Chain Snatching reported near Mangaluru PS-1 jurisdiction.,1,1,0.03384476534296029,3.701611742360312,-1,-0.010836861649802687
8236,100060027202417320,202417320,2024-07-09,27,6,1,5,11,2,2024-07-09 05:28:32,2024-07-09 05:28:32,17.333727,76.759504,Drug Peddling reported near Kalaburagi PS-4 jurisdiction.,5,1,0.6897283531409168,2.2728710261562672,-1,-0.01040972463986456
13560,100060027202511869,202511869,2025-02-23,27,6,1,4,9,1,2025-02-23 01:02:32,2025-02-23 01:02:32,17.338333,76.739563,Online Financial Fraud reported near Kalaburagi PS-4 jurisdiction.,1,6,0.02461799660441426,3.039708021379458,-1,-0.010395222156172612
15673,100060029202414658,202414658,2024-07-01,29,6,2,5,11,1,2024-07-01 09:06:53,2024-07-01 09:06:53,17.476317,76.871705,Drug Peddling reported near Kalaburagi PS-6 jurisdiction.,9,0,0.6897283531409168,1.6060261010160464,-1,-0.010268834141926364
13309,100010001202517602,202517602,2025-03-25,1,1,2,2,6,1,2025-03-25 07:29:49,2025-03-25 07:29:49,12.845984,77.5364,Chain Snatching reported near Bengaluru PS-1 jurisdiction.,7,1,0.5077730275942479,2.457111134234281,-1,-0.010223344104057674
5969,100050020202410859,202410859,2024-06-28,20,5,2,4,9,2,2024-06-28 01:16:34,2024-06-28 01:16:34,15.268726,75.073985,Online Financial Fraud reported near Hubballi-Dharwad PS-2 jurisdiction.,1,4,0.060570071258907364,3.039708021379458,-1,-0.010088389624140937
10696,100060027202417649,202417649,2024-02-19,27,6,2,4,9,2,2024-02-19 02:43:47,2024-02-19 02:43:47,17.331908,76.761733,Online Financial Fraud reported near Kalaburagi PS-4 jurisdiction.,2,0,0.02461799660441426,2.7887645853495897,-1,-0.010050233096281835
4138,100070032202510695,202510695,2025-01-25,32,7,2,6,13,2,2025-01-25 05:14:49,2025-01-25 05:14:49,14.983844,76.855572,Rioting reported near Ballari PS-3 jurisdiction.,5,5,0.6356011183597391,2.1302050855759163,-1,-0.009983549906823819
8539,100050022202613747,202613747,2026-04-03,22,5,2,5,11,3,2026-04-03 01:20:05,2026-04-03 01:20:05,15.25816,75.051984,Drug Peddling reported near Hubballi-Dharwad PS-4 jurisdiction.,1,4,0.08194774346793349,2.939715951296488,-1,-0.009619508698720636
1301,100010003202511346,202511346,2025-11-08,3,1,2,2,5,4,2025-11-08 20:26:21,2025-11-08 20:26:21,13.024702,77.727841,Vehicle Theft reported near Bengaluru PS-3 jurisdiction.,20,5,0.010687912942090944,2.6105572081295643,-1,-0.009542739407823908
17876,100070034202413879,202413879,2024-05-11,34,7,2,2,5,2,2024-05-11 21:46:38,2024-05-11 21:46:38,15.271672,77.022612,Vehicle Theft reported near Ballari PS-5 jurisdiction.,21,5,0.02749301025163094,2.781702736237348,-1,-0.00930025450744254
17437,100050019202411435,202411435,2024-08-03,19,5,2,6,13,3,2024-08-03 01:22:55,2024-08-03 01:22:55,15.411743,74.969203,Rioting reported near Hubballi-Dharwad PS-1 jurisdiction.,1,5,0.07957244655581948,2.8762049301226886,-1,-0.00926882132891138
14579,100030009202511288,202511288,2025-06-24,9,3,2,2,5,1,2025-06-24 21:00:43,2025-06-24 21:00:43,13.016105,74.705764,Vehicle Theft reported near Mangaluru PS-1 jurisdiction.,21,1,0.6624548736462094,2.781702736237348,-1,-0.009242865190252525
15566,100030013202517745,202517745,2025-01-07,13,3,2,2,5,4,2025-01-07 21:16:24,2025-01-07 21:16:24,12.790971,74.718878,Vehicle Theft reported near Mangaluru PS-5 jurisdiction.,21,1,0.6624548736462094,2.781702736237348,-1,-0.009242865190252525
3978,100060026202413717,202413717,2024-06-28,26,6,2,4,9,2,2024-06-28 01:18:03,2024-06-28 01:18:03,17.212549,76.862715,Online Financial Fraud reported near Kalaburagi PS-3 jurisdiction.,1,4,0.02461799660441426,3.039708021379458,-1,-0.009168064200488102
6619,100090045202514318,202514318,2025-03-03,45,9,2,2,5,1,2025-03-03 20:26:11,2025-03-03 20:26:11,13.874429,75.71051,Vehicle Theft reported near Shivamogga PS-5 jurisdiction.,20,0,0.07645631067961164,2.6105572081295643,-1,-0.008990726388981685
13627,100100047202617558,202617558,2026-04-03,47,10,1,4,9,1,2026-04-03 00:35:21,2026-04-03 00:35:21,14.310571,75.977285,Online Financial Fraud reported near Davanagere PS-2 jurisdiction.,0,4,0.07017543859649122,3.290651457409326,-1,-0.008965629235210382
17283,100090045202511932,202511932,2025-01-24,45,9,1,2,5,4,2025-01-24 23:33:16,2025-01-24 23:33:16,13.898803,75.69863,Vehicle Theft reported near Shivamogga PS-5 jurisdiction.,23,4,0.07645631067961164,3.123993792452915,-1,-0.008840563792287037
2021,100090044202510458,202510458,2025-11-07,44,9,1,2,5,1,2025-11-07 23:33:14,2025-11-07 23:33:14,13.915612,75.45168,Vehicle Theft reported near Shivamogga PS-4 jurisdiction.,23,4,0.07645631067961164,3.123993792452915,-1,-0.008840563792287037
4760,100020006202516290,202516290,2025-05-06,6,2,2,6,13,1,2025-05-06 01:42:59,2025-05-06 01:42:59,12.323927,76.644192,Rioting reported near Mysuru PS-2 jurisdiction.,1,1,0.03133903133903134,2.8762049301226886,-1,-0.008783698304940302
9512,100040016202612180,202612180,2026-04-04,16,4,2,2,5,1,2026-04-04 21:48:49,2026-04-04 21:48:49,16.001357,74.460368,Vehicle Theft reported near Belagavi PS-2 jurisdiction.,21,5,0.06451612903225806,2.781702736237348,-1,-0.008726386516410778
5337,100030009202416035,202416035,2024-04-12,9,3,1,2,6,2,2024-04-12 01:55:30,2024-04-12 01:55:30,13.007023,74.718293,Chain Snatching reported near Mangaluru PS-1 jurisdiction.,1,4,0.03384476534296029,3.701611742360312,-1,-0.008707387319666582
11781,100010001202416064,202416064,2024-02-13,1,1,2,5,11,2,2024-02-13 02:16:06,2024-02-13 02:16:06,12.809669,77.518513,Drug Peddling reported near Bengaluru PS-1 jurisdiction.,2,1,0.011853867081228138,2.773004720011433,-1,-0.008649027950624166
11343,100050022202410520,202410520,2024-12-10,22,5,2,6,13,2,2024-12-10 01:44:06,2024-12-10 01:44:06,15.232525,75.076942,Rioting reported near Hubballi-Dharwad PS-4 jurisdiction.,1,1,0.07957244655581948,2.8762049301226886,-1,-0.008606475580117068
262,100030010202517111,202517111,2025-05-02,10,3,2,5,11,1,2025-05-02 01:32:26,2025-05-02 01:32:26,12.989559,74.907133,Drug Peddling reported near Mangaluru PS-2 jurisdiction.,1,4,0.023014440433212997,2.939715951296488,-1,-0.008514055373500251
17144,100070032202411135,202411135,2024-05-11,32,7,2,2,6,2,2024-05-11 04:46:28,2024-05-11 04:46:28,14.984468,76.883196,Chain Snatching reported near Ballari PS-3 jurisdiction.,4,5,0.027958993476234855,3.0793614382972967,-1,-0.008415815208778654
16460,100100050202515962,202515962,2025-03-23,50,10,1,4,9,2,2025-03-23 01:28:02,2025-03-23 01:28:02,14.352001,75.918772,Online Financial Fraud reported near Davanagere PS-5 jurisdiction.,1,6,0.07017543859649122,3.039708021379458,-1,-0.008241967390467453
7082,100070033202515310,202515310,2025-12-28,33,7,1,2,6,1,2025-12-28 04:18:20,2025-12-28 04:18:20,15.080343,76.817133,Chain Snatching reported near Ballari PS-4 jurisdiction.,4,6,0.027958993476234855,3.0793614382972967,-1,-0.00800784274977051
15934,100020005202415821,202415821,2024-05-14,5,2,2,2,6,4,2024-05-14 04:17:23,2024-05-14 04:17:23,12.18042,76.55179,Chain Snatching reported near Mysuru PS-1 jurisdiction.,4,1,0.024691358024691357,3.0793614382972967,-1,-0.007911067363408741
17630,100090044202417559,202417559,2024-07-16,44,9,2,2,6,2,2024-07-16 04:55:14,2024-07-16 04:55:14,13.916398,75.441039,Chain Snatching reported near Shivamogga PS-4 jurisdiction.,4,1,0.07160194174757281,3.0793614382972967,-1,-0.007817130708878572
10109,100090044202510325,202510325,2025-02-25,44,9,2,2,6,1,2025-02-25 04:52:27,2025-02-25 04:52:27,13.894346,75.42097,Chain Snatching reported near Shivamogga PS-4 jurisdiction.,4,1,0.07160194174757281,3.0793614382972967,-1,-0.007817130708878572
3043,100100049202513139,202513139,2025-12-23,49,10,1,2,6,1,2025-12-23 01:17:23,2025-12-23 01:17:23,14.374498,75.965129,Chain Snatching reported near Davanagere PS-4 jurisdiction.,1,1,0.07827260458839407,3.701611742360312,-1,-0.007769639097387593
3900,100080040202512803,202512803,2025-10-02,40,8,2,2,5,2,2025-10-02 22:16:47,2025-10-02 22:16:47,13.356137,77.088095,Vehicle Theft reported near Tumakuru PS-6 jurisdiction.,22,3,0.06364749082007344,2.9528482643451315,-1,-0.0076582316206742496
12441,100070030202417716,202417716,2024-06-25,30,7,2,6,13,3,2024-06-25 06:24:00,2024-06-25 06:24:00,15.198552,77.042868,Rioting reported near Ballari PS-1 jurisdiction.,6,1,0.6356011183597391,1.9437051244392232,-1,-0.00755174193196273
3088,100020005202515059,202515059,2025-12-14,5,2,1,5,11,1,2025-12-14 01:07:35,2025-12-14 01:07:35,12.165839,76.541279,Drug Peddling reported near Mysuru PS-1 jurisdiction.,1,6,0.032288698955365625,2.939715951296488,-1,-0.007408873717086761
10271,100100051202414453,202414453,2024-08-07,51,10,1,2,5,3,2024-08-07 23:58:04,2024-08-07 23:58:04,14.461116,76.063423,Vehicle Theft reported near Davanagere PS-6 jurisdiction.,23,2,0.06612685560053981,3.123993792452915,-1,-0.00729867106837867
14107,100050021202411766,202411766,2024-05-12,21,5,1,5,11,1,2024-05-12 01:03:36,2024-05-12 01:03:36,15.246891,75.029071,Drug Peddling reported near Hubballi-Dharwad PS-3 jurisdiction.,1,6,0.08194774346793349,2.939715951296488,-1,-0.007221413417150657
3541,100100046202410687,202410687,2024-04-02,46,10,2,4,9,2,2024-04-02 23:54:18,2024-04-02 23:54:18,14.622918,76.040919,Online Financial Fraud reported near Davanagere PS-1 jurisdiction.,23,1,0.07017543859649122,2.4810475712776405,-1,-0.007198061257781219
12982,100020006202613877,202613877,2026-02-16,6,2,2,6,13,2,2026-02-16 02:16:09,2026-02-16 02:16:09,12.326469,76.667391,Rioting reported near Mysuru PS-2 jurisdiction.,2,0,0.03133903133903134,2.6897049689859953,-1,-0.007171026208159237
2887,100030009202416810,202416810,2024-05-04,9,3,1,2,5,2,2024-05-04 22:57:34,2024-05-04 22:57:34,13.013725,74.703469,Vehicle Theft reported near Mangaluru PS-1 jurisdiction.,22,5,0.6624548736462094,2.9528482643451315,-1,-0.007133587438032163
7696,100060029202517171,202517171,2025-07-22,29,6,2,2,5,1,2025-07-22 21:35:08,2025-07-22 21:35:08,17.477097,76.906092,Vehicle Theft reported near Kalaburagi PS-6 jurisdiction.,21,1,0.021222410865874362,2.781702736237348,-1,-0.0070570692471984
14603,100100049202615935,202615935,2026-02-04,49,10,2,4,9,1,2026-02-04 01:36:06,2026-02-04 01:36:06,14.40115,75.979039,Online Financial Fraud reported near Davanagere PS-4 jurisdiction.,1,2,0.07017543859649122,3.039708021379458,-1,-0.006997549754548027
13868,100090044202412383,202412383,2024-05-23,44,9,2,4,9,2,2024-05-23 01:17:08,2024-05-23 01:17:08,13.91904,75.450119,Online Financial Fraud reported near Shivamogga PS-4 jurisdiction.,1,3,0.07766990291262135,3.039708021379458,-1,-0.006961358496229919
6122,100030010202612667,202612667,2026-03-02,10,3,2,2,5,2,2026-03-02 16:58:23,2026-03-02 16:58:23,12.9875,74.90707,Vehicle Theft reported near Mangaluru PS-2 jurisdiction.,16,0,0.6624548736462094,1.9259750956984305,-1,-0.006897271320694287
2155,100050020202416827,202416827,2024-02-11,20,5,1,4,9,3,2024-02-11 01:03:56,2024-02-11 01:03:56,15.295231,75.044004,Online Financial Fraud reported near Hubballi-Dharwad PS-2 jurisdiction.,1,6,0.060570071258907364,3.039708021379458,-1,-0.006837175191726996
1502,100080037202410113,202410113,2024-06-05,37,8,2,2,6,2,2024-06-05 04:07:50,2024-06-05 04:07:50,13.211557,76.997254,Chain Snatching reported near Tumakuru PS-3 jurisdiction.,4,2,0.08445532435740515,3.0793614382972967,-1,-0.0068326632130120135
16192,100070032202412565,202412565,2024-08-18,32,7,2,4,9,2,2024-08-18 03:50:56,2024-08-18 03:50:56,14.996199,76.85611,Online Financial Fraud reported near Ballari PS-3 jurisdiction.,3,6,0.028890959925442685,2.5378211493197216,-1,-0.006595164255022268
7438,100020007202617620,202617620,2026-01-22,7,2,1,2,6,2,2026-01-22 01:39:06,2026-01-22 01:39:06,12.347875,76.712863,Chain Snatching reported near Mysuru PS-3 jurisdiction.,1,3,0.024691358024691357,3.701611742360312,-1,-0.006526316403046573
14202,100060026202510487,202510487,2025-02-07,26,6,2,2,5,2,2025-02-07 21:30:22,2025-02-07 21:30:22,17.200423,76.888045,Vehicle Theft reported near Kalaburagi PS-3 jurisdiction.,21,4,0.021222410865874362,2.781702736237348,-1,-0.00638020856419963
2316,100040015202517613,202517613,2025-01-15,15,4,2,4,9,1,2025-01-15 01:51:42,2025-01-15 01:51:42,15.915691,74.508282,Online Financial Fraud reported near Belagavi PS-1 jurisdiction.,1,2,0.0707196029776675,3.039708021379458,-1,-0.006355133553747505
10911,100060024202510796,202510796,2025-12-28,24,6,2,5,11,1,2025-12-28 09:33:47,2025-12-28 09:33:47,17.283794,76.889233,Drug Peddling reported near Kalaburagi PS-1 jurisdiction.,9,6,0.6897283531409168,1.6060261010160464,-1,-0.006078584098351714
8413,100060028202416083,202416083,2024-09-19,28,6,2,4,9,1,2024-09-19 01:59:12,2024-09-19 01:59:12,17.31853,76.77923,Online Financial Fraud reported near Kalaburagi PS-5 jurisdiction.,1,3,0.02461799660441426,3.039708021379458,-1,-0.005983237517655282
9652,100010002202417243,202417243,2024-08-26,2,1,2,6,13,3,2024-08-26 03:03:12,2024-08-26 03:03:12,12.905863,77.668696,Rioting reported near Bengaluru PS-2 jurisdiction.,3,0,0.010687912942090944,2.5032050078493024,-1,-0.005604254514573803
14849,100090043202417592,202417592,2024-07-07,43,9,2,4,9,3,2024-07-07 22:21:18,2024-07-07 22:21:18,13.973096,75.655635,Online Financial Fraud reported near Shivamogga PS-3 jurisdiction.,22,6,0.07766990291262135,2.2301041352477724,-1,-0.005584973508807711
5254,100070033202617195,202617195,2026-02-27,33,7,2,5,11,1,2026-02-27 01:11:44,2026-02-27 01:11:44,15.05048,76.841932,Drug Peddling reported near Ballari PS-4 jurisdiction.,1,4,0.02842497670083877,2.939715951296488,-1,-0.005492996425137231
2081,100010004202412609,202412609,2024-09-09,4,1,2,2,6,1,2024-09-09 10:32:12,2024-09-09 10:32:12,12.842305,77.5581,Chain Snatching reported near Bengaluru PS-4 jurisdiction.,10,0,0.5077730275942479,1.8348608301712652,-1,-0.005434202758500484
7873,100060029202512253,202512253,2025-12-21,29,6,1,5,11,1,2025-12-21 07:30:33,2025-12-21 07:30:33,17.454419,76.901727,Drug Peddling reported near Kalaburagi PS-6 jurisdiction.,7,6,0.6897283531409168,1.939448563586157,-1,-0.0053730289152358335
9377,100080040202517165,202517165,2025-06-17,40,8,1,4,9,2,2025-06-17 00:33:01,2025-06-17 00:33:01,13.350543,77.05897,Online Financial Fraud reported near Tumakuru PS-6 jurisdiction.,0,1,0.07221542227662178,3.290651457409326,-1,-0.005214590630237326
4993,100070032202511829,202511829,2025-07-17,32,7,1,2,5,1,2025-07-17 23:15:14,2025-07-17 23:15:14,14.998055,76.864375,Vehicle Theft reported near Ballari PS-3 jurisdiction.,23,3,0.02749301025163094,3.123993792452915,-1,-0.005184672909737675
7294,100020005202511182,202511182,2025-09-04,5,2,1,2,5,1,2025-09-04 23:49:22,2025-09-04 23:49:22,12.156789,76.560246,Vehicle Theft reported near Mysuru PS-1 jurisdiction.,23,3,0.02849002849002849,3.123993792452915,-1,-0.005184672909737675
2929,100100046202410120,202410120,2024-09-02,46,10,2,2,6,1,2024-09-02 05:24:22,2024-09-02 05:24:22,14.589657,76.037838,Chain Snatching reported near Davanagere PS-1 jurisdiction.,5,0,0.07827260458839407,2.8719446702762914,-1,-0.005113848972250867
2302,100030014202615032,202615032,2026-04-21,14,3,1,5,11,1,2026-04-21 00:24:56,2026-04-21 00:24:56,13.02146,74.882077,Drug Peddling reported near Mangaluru PS-6 jurisdiction.,0,1,0.023014440433212997,3.1064271825815433,-1,-0.005089565635659099
7249,100060026202614073,202614073,2026-03-26,26,6,1,5,11,2,2026-03-26 03:36:13,2026-03-26 03:36:13,17.199038,76.885204,Drug Peddling reported near Kalaburagi PS-3 jurisdiction.,3,3,0.6897283531409168,2.6062934887263776,-1,-0.005053204283427815
14386,100030011202415339,202415339,2024-07-14,11,3,2,4,10,2,2024-07-14 00:55:36,2024-07-14 00:55:36,12.866217,74.770154,Phishing / Identity Theft reported near Mangaluru PS-3 jurisdiction.,0,6,0.020306859205776174,1.6490437205201174,-1,-0.005005156990315562
12338,100030010202615708,202615708,2026-05-09,10,3,1,2,6,3,2026-05-09 02:58:54,2026-05-09 02:58:54,12.985943,74.906342,Chain Snatching reported near Mangaluru PS-2 jurisdiction.,2,5,0.03384476534296029,3.494194974339307,-1,-0.004816721455339401
8161,100060027202411539,202411539,2024-02-13,27,6,2,4,9,1,2024-02-13 23:30:33,2024-02-13 23:30:33,17.351283,76.757948,Online Financial Fraud reported near Kalaburagi PS-4 jurisdiction.,23,1,0.02461799660441426,2.4810475712776405,-1,-0.004801087580961316
3529,100060028202413271,202413271,2024-12-02,28,6,1,2,5,1,2024-12-02 21:45:13,2024-12-02 21:45:13,17.316751,76.77643,Vehicle Theft reported near Kalaburagi PS-5 jurisdiction.,21,0,0.021222410865874362,2.781702736237348,-1,-0.004623275327720555
12440,100080039202514678,202514678,2025-01-20,39,8,1,4,9,3,2025-01-20 01:55:42,2025-01-20 01:55:42,13.429682,77.102321,Online Financial Fraud reported near Tumakuru PS-5 jurisdiction.,1,0,0.07221542227662178,3.039708021379458,-1,-0.004610425019009212
11680,100050022202510836,202510836,2025-02-06,22,5,2,5,11,3,2025-02-06 01:08:50,2025-02-06 01:08:50,15.257837,75.06576,Drug Peddling reported near Hubballi-Dharwad PS-4 jurisdiction.,1,3,0.08194774346793349,2.939715951296488,-1,-0.004457979884368579
13201,100030011202510834,202510834,2025-02-02,11,3,2,6,13,1,2025-02-02 03:42:05,2025-02-02 03:42:05,12.856485,74.740231,Rioting reported near Mangaluru PS-3 jurisdiction.,3,6,0.029332129963898917,2.5032050078493024,-1,-0.004394455460545288
12868,100070032202411564,202411564,2024-05-12,32,7,2,4,9,1,2024-05-12 22:45:31,2024-05-12 22:45:31,15.00162,76.878925,Online Financial Fraud reported near Ballari PS-3 jurisdiction.,22,6,0.028890959925442685,2.2301041352477724,-1,-0.00435485087392562
16846,100060029202411509,202411509,2024-06-28,29,6,2,6,13,2,2024-06-28 01:03:22,2024-06-28 01:03:22,17.458253,76.905935,Rioting reported near Kalaburagi PS-6 jurisdiction.,1,4,0.022920203735144314,2.8762049301226886,-1,-0.0041448718214324165
3214,100050023202413616,202413616,2024-09-24,23,5,1,2,6,1,2024-09-24 01:43:38,2024-09-24 01:43:38,15.411759,75.070836,Chain Snatching reported near Hubballi-Dharwad PS-5 jurisdiction.,1,1,0.07363420427553444,3.701611742360312,-1,-0.004052938966088382
11354,100080039202515010,202515010,2025-07-06,39,8,2,6,13,1,2025-07-06 03:45:10,2025-07-06 03:45:10,13.425863,77.077276,Rioting reported near Tumakuru PS-5 jurisdiction.,3,6,0.07588739290085679,2.5032050078493024,-1,-0.0038536254375527434
6954,100010004202411412,202411412,2024-09-12,4,1,2,4,9,1,2024-09-12 03:01:11,2024-09-12 03:01:11,12.845942,77.586977,Online Financial Fraud reported near Bengaluru PS-4 jurisdiction.,3,3,0.3628060629615235,2.5378211493197216,-1,-0.00371240503931769
9539,100010002202410373,202410373,2024-10-12,2,1,2,2,6,3,2024-10-12 08:17:01,2024-10-12 08:17:01,12.882822,77.676082,Chain Snatching reported near Bengaluru PS-2 jurisdiction.,8,5,0.5077730275942479,2.2496943662132756,-1,-0.0036576670042181014
14050,100030013202513681,202513681,2025-05-24,13,3,1,5,11,1,2025-05-24 00:37:14,2025-05-24 00:37:14,12.810903,74.727868,Drug Peddling reported near Mangaluru PS-5 jurisdiction.,0,5,0.023014440433212997,3.1064271825815433,-1,-0.003268782299725159
17262,100080036202610620,202610620,2026-03-17,36,8,1,2,6,1,2026-03-17 02:27:47,2026-03-17 02:27:47,13.455754,77.175366,Chain Snatching reported near Tumakuru PS-2 jurisdiction.,2,1,0.08445532435740515,3.494194974339307,-1,-0.0031970906636649143
8225,100100049202610243,202610243,2026-04-18,49,10,1,3,8,1,2026-04-18 00:27:19,2026-04-18 00:27:19,14.394331,75.975946,Dowry Harassment reported near Davanagere PS-4 jurisdiction.,0,5,0.0796221322537112,3.0357754588370374,-1,-0.003080573405204512
1377,100100047202514088,202514088,2025-03-27,47,10,2,4,9,3,2025-03-27 01:04:37,2025-03-27 01:04:37,14.303191,75.988473,Online Financial Fraud reported near Davanagere PS-2 jurisdiction.,1,3,0.07017543859649122,3.039708021379458,-1,-0.00307268299557073
851,100020007202516306,202516306,2025-04-23,7,2,1,2,6,2,2025-04-23 01:16:36,2025-04-23 01:16:36,12.379619,76.702121,Chain Snatching reported near Mysuru PS-3 jurisdiction.,1,2,0.024691358024691357,3.701611742360312,-1,-0.0030157715395663365
5929,100050021202413088,202413088,2024-06-17,21,5,1,5,11,2,2024-06-17 01:06:25,2024-06-17 01:06:25,15.236029,75.053676,Drug Peddling reported near Hubballi-Dharwad PS-3 jurisdiction.,1,0,0.08194774346793349,2.939715951296488,-1,-0.0030054044639303834
6714,100030014202410203,202410203,2024-07-14,14,3,1,3,8,3,2024-07-14 01:13:42,2024-07-14 01:13:42,13.016002,74.89253,Dowry Harassment reported near Mangaluru PS-6 jurisdiction.,1,6,0.02572202166064982,2.863693058508874,-1,-0.0026753986651518735
3218,100020005202516573,202516573,2025-06-17,5,2,1,3,8,2,2025-06-17 04:39:30,2025-06-17 04:39:30,12.155799,76.547107,Dowry Harassment reported near Mysuru PS-1 jurisdiction.,4,1,0.6258309591642925,2.3474458575243844,-1,-0.0023632495990437707
6185,100100049202614610,202614610,2026-02-11,49,10,2,5,11,3,2026-02-11 01:15:17,2026-02-11 01:15:17,14.380907,75.954057,Drug Peddling reported near Davanagere PS-4 jurisdiction.,1,2,0.06747638326585695,2.939715951296488,-1,-0.0023016029849035613
14158,100060024202413546,202413546,2024-02-14,24,6,1,4,9,1,2024-02-14 00:26:18,2024-02-14 00:26:18,17.293288,76.892072,Online Financial Fraud reported near Kalaburagi PS-1 jurisdiction.,0,2,0.02461799660441426,3.290651457409326,-1,-0.00222510122866848
4772,100070033202614286,202614286,2026-01-11,33,7,1,2,5,1,2026-01-11 21:52:57,2026-01-11 21:52:57,15.058814,76.819413,Vehicle Theft reported near Ballari PS-4 jurisdiction.,21,6,0.02749301025163094,2.781702736237348,-1,-0.002157586982444948
10543,100070030202517661,202517661,2025-02-17,30,7,1,2,5,2,2025-02-17 21:56:45,2025-02-17 21:56:45,15.213224,77.018838,Vehicle Theft reported near Ballari PS-1 jurisdiction.,21,0,0.02749301025163094,2.781702736237348,-1,-0.0020603632287889972
5105,100070032202515833,202515833,2025-05-04,32,7,2,5,11,1,2025-05-04 04:59:16,2025-05-04 04:59:16,15.014688,76.851161,Drug Peddling reported near Ballari PS-3 jurisdiction.,4,6,0.02842497670083877,2.4395822574413226,-1,-0.001963807978631271
12807,100010002202616568,202616568,2026-03-15,2,1,2,2,5,1,2026-03-15 17:13:24,2026-03-15 17:13:24,12.903172,77.684876,Vehicle Theft reported near Bengaluru PS-2 jurisdiction.,17,6,0.010687912942090944,2.097120623806214,-1,-0.0018424716586825651
13640,100090044202610584,202610584,2026-01-20,44,9,1,6,13,3,2026-01-20 00:30:49,2026-01-20 00:30:49,13.919378,75.427429,Rioting reported near Shivamogga PS-4 jurisdiction.,0,1,0.08373786407766991,3.0627048912593815,-1,-0.0018321703293849856
11439,100010004202613817,202613817,2026-05-26,4,1,2,2,5,1,2026-05-26 20:34:33,2026-05-26 20:34:33,12.835458,77.565014,Vehicle Theft reported near Bengaluru PS-4 jurisdiction.,20,1,0.010687912942090944,2.6105572081295643,-1,-0.0017406996856167423
7033,100030011202417802,202417802,2024-09-19,11,3,2,2,5,4,2024-09-19 20:54:30,2024-09-19 20:54:30,12.865425,74.767078,Vehicle Theft reported near Mangaluru PS-3 jurisdiction.,20,3,0.6624548736462094,2.6105572081295643,-1,-0.0015574179183481807
11216,100030013202417717,202417717,2024-08-25,13,3,1,2,5,1,2024-08-25 19:19:26,2024-08-25 19:19:26,12.806622,74.739477,Vehicle Theft reported near Mangaluru PS-5 jurisdiction.,19,6,0.6624548736462094,2.439411680021781,-1,-0.0014922799737209225
1889,100070033202614591,202614591,2026-01-05,33,7,1,6,13,2,2026-01-05 07:01:20,2026-01-05 07:01:20,15.066989,76.834916,Rioting reported near Ballari PS-4 jurisdiction.,7,0,0.6356011183597391,1.7572051633025303,-1,-0.0014497159169386542
3049,100060025202611233,202611233,2026-01-14,25,6,2,5,11,1,2026-01-14 07:22:05,2026-01-14 07:22:05,17.377939,76.905804,Drug Peddling reported near Kalaburagi PS-2 jurisdiction.,7,2,0.6897283531409168,1.939448563586157,-1,-0.001339462114741563
47,100060028202514858,202514858,2025-01-04,28,6,1,5,11,3,2025-01-04 06:16:56,2025-01-04 06:16:56,17.331318,76.761241,Drug Peddling reported near Kalaburagi PS-5 jurisdiction.,6,5,0.6897283531409168,2.106159794871212,-1,-0.001262023695296599
15902,100020006202512247,202512247,2025-05-24,6,2,1,5,11,3,2025-05-24 00:44:04,2025-05-24 00:44:04,12.322268,76.675836,Drug Peddling reported near Mysuru PS-2 jurisdiction.,0,5,0.032288698955365625,3.1064271825815433,-1,-0.0011073102366015997
6722,100090041202410775,202410775,2024-01-13,41,9,1,2,6,1,2024-01-13 03:09:12,2024-01-13 03:09:12,13.931391,75.453831,Chain Snatching reported near Shivamogga PS-1 jurisdiction.,3,5,0.07160194174757281,3.2867782063183015,-1,-0.0010687787372088975
15353,100100051202517252,202517252,2025-06-24,51,10,1,2,5,1,2025-06-24 22:02:31,2025-06-24 22:02:31,14.43218,76.045848,Vehicle Theft reported near Davanagere PS-6 jurisdiction.,22,1,0.06612685560053981,2.9528482643451315,-1,-0.0008640248639190107
16942,100060029202410673,202410673,2024-02-25,29,6,2,2,5,3,2024-02-25 18:59:24,2024-02-25 18:59:24,17.45062,76.895948,Vehicle Theft reported near Kalaburagi PS-6 jurisdiction.,18,6,0.021222410865874362,2.2682661519139975,-1,-0.0008428227365299135
5623,100020005202514877,202514877,2025-03-26,5,2,1,3,8,2,2025-03-26 04:44:34,2025-03-26 04:44:34,12.189371,76.560757,Dowry Harassment reported near Mysuru PS-1 jurisdiction.,4,2,0.6258309591642925,2.3474458575243844,-1,-0.0005552893686336935
16585,100020008202610948,202610948,2026-06-17,8,2,1,3,8,2,2026-06-17 04:28:20,2026-06-17 04:28:20,12.269868,76.626753,Dowry Harassment reported near Mysuru PS-4 jurisdiction.,4,2,0.6258309591642925,2.3474458575243844,-1,-0.0005552893686336935
6536,100080040202409906,202409906,2024-12-15,40,8,2,5,11,1,2024-12-15 04:26:59,2024-12-15 04:26:59,13.37123,77.060929,Drug Peddling reported near Tumakuru PS-6 jurisdiction.,4,6,0.07466340269277846,2.4395822574413226,-1,-0.0005404158032165096
1310,100040017202612010,202612010,2026-01-20,17,4,1,2,5,1,2026-01-20 22:26:56,2026-01-20 22:26:56,15.869148,74.597179,Vehicle Theft reported near Belagavi PS-3 jurisdiction.,22,1,0.06451612903225806,2.9528482643451315,-1,-0.0005292764348839851
11556,100090041202410906,202410906,2024-01-18,41,9,2,5,11,1,2024-01-18 01:38:54,2024-01-18 01:38:54,13.928937,75.439403,Drug Peddling reported near Shivamogga PS-1 jurisdiction.,1,3,0.07402912621359223,2.939715951296488,-1,-0.0005228261850110938
17629,100010003202614078,202614078,2026-02-10,3,1,1,5,11,3,2026-02-10 01:10:34,2026-02-10 01:10:34,13.042909,77.694996,Drug Peddling reported near Bengaluru PS-3 jurisdiction.,1,1,0.011853867081228138,2.939715951296488,-1,-0.00041153403627613994
8358,100060028202614309,202614309,2026-01-01,28,6,1,3,8,2,2026-01-01 00:02:13,2026-01-01 00:02:13,17.329611,76.752186,Dowry Harassment reported near Kalaburagi PS-5 jurisdiction.,0,3,0.01740237691001698,3.0357754588370374,-1,-0.00037044669508412564
13883,100040015202510063,202510063,2025-09-21,15,4,2,5,12,2,2025-09-21 00:57:23,2025-09-21 00:57:23,15.914218,74.527207,Drug Possession reported near Belagavi PS-1 jurisdiction.,0,6,0.0880893300248139,1.6371339418343867,-1,-0.00036137577253791964
1773,100040017202412535,202412535,2024-11-03,17,4,2,5,12,4,2024-11-03 00:21:41,2024-11-03 00:21:41,15.851746,74.593895,Drug Possession reported near Belagavi PS-3 jurisdiction.,0,6,0.0880893300248139,1.6371339418343867,-1,-0.00036137577253791964
9771,100010002202516145,202516145,2025-10-15,2,1,1,4,9,3,2025-10-15 03:01:57,2025-10-15 03:01:57,12.896035,77.677962,Online Financial Fraud reported near Bengaluru PS-2 jurisdiction.,3,2,0.3628060629615235,2.5378211493197216,-1,-0.00020116059430363986
1041,100030009202416542,202416542,2024-10-12,9,3,2,2,5,4,2024-10-12 18:05:55,2024-10-12 18:05:55,13.001742,74.722543,Vehicle Theft reported near Mangaluru PS-1 jurisdiction.,18,5,0.6624548736462094,2.2682661519139975,-1,-0.0001622049013307869
